"","Kingdom","Phylum","Class","Order","Family","Genus","Species"
"TATAAACAATATAAGATTCTGATTCCTTCCCCCTTCTCTATCTCTTCTGTTAATAAGAAGAATCGTAGAAAATGGTGCCGGAACTGGTTGAACAGTTTACCCACCTTTATCTTCAAATATTGCTCATAGAGGATCTTCAGTTGATTTAGCTATTTTTAGACTTCATTTAGCCGGAATCTCATCAATTCTAGGAGCTGTAAATTTTATTTCTACAGTTATTAATATGCGATCCACAGGAATTTCCTTTGATCGAATGCCTCTTTTTGTTTGAGCCGTAGCAATTACAGCCCTTCTACTTTTATTATCATTACCAGTTCTTGCTGGAGCAATTACTATACTTTTAACAGATCGAAATCTTAATACATCATTTTTTGACCCAGCTGGAGGAGGTGACCCAATTCTCTATCAACACTTATTT","Animalia","Arthropoda","Insecta","Coleoptera","Elateridae","","CPBC0013"
"AATAAATAATATGAGATTCTGGCTTCTTCCTCCTTCATTAATTCTTTTAATTATAAGAAGAATTGTTGAAAATGGAGCCGGAACAGGATGAACAGTTTATCCTCCTTTATCAGCTAATATTGCTCATGCTGGCCCTTCAGTAGATTTAGCAATTTTTAGTCTTCATTTAGCAGGAATTTCTTCTATTCTAGGGGCTGTAAATTTTATTACTACAGTTATTAATATACGGCCTAAAGGCATAACATTTGATCGTCTTCCTCTTTTTGTCTGAGCCGTAAAAATTACTGCAATTTTACTTCTTTTATCTCTCCCAGTTCTAGCAGGGGCAATTACAATACTTTTAACTGATCGAAATTTAAATACTTCATTTTTTGACCCTGCAGGAGGAGGAGATCCAATTTTATATCAGCATTTATTT","Animalia","Arthropoda","Insecta","Coleoptera","Cerambycidae","","CPBC0015"
"ACTTAACAACATAAGTTTTTGACTACTCCCCCCCTCGCTAACCTTCTTATTAATAAGAAGACTAGTAGACAAAGGAGCAGGAACTGGTTGAACAGTTTACCCCCCACTATCCTCAAATGTCTCCCACGAAGGGTCCTCCGTAGATTTAGCAATTTTCAGACTACATATGGCGGGGGTATCCTCAATCTTAGGAGCCATCAACTTCATTTCAACAGTAATCAATATACATCCTAAAGGAATAAAACCAGAACAACTTCCTCTGTTTGTCTGAGCCGTTAAAATTACAGCAGTTCTTCTCCTATTAAGACTACCAGTTCTAGCGGGAGCAATTACAATACTATTAACAGATCGTAACGTAAACACTTCGTTCTTTGACCCGGCAGGAGGGGGAGACCCTATCCTCTACCAACACTTGTTC","Animalia","Arthropoda","Insecta","Coleoptera","Curculionidae","","CPBC0070"
"AATAAATAATATAAGATTCTGATTATTACCGCCTTCACTAACCCTTCTTCTAATAAGAAGAATCGTAGAAAACGGAGCAGGAACTGGATGAACTGTGTACCCCCCCCTATCATCAAACATCGCCCACGGAGGATCATCAGTAGACCTTGCAATTTTCAGATTACATCTTGCAGGAATCTCCTCAATTCTGGGAGCAGTAAACTTCATTACAACGGTAATTAACATACGACCACAAGGAATATCATTTGACCGAATACCTTTATTTGTATGAGCAGTAGTAATTACAGCAGTTCTACTACTACTATCCCTTCCTGTCCTAGCAGGAGCTATCACAATACTCCTTACCGACCGGAATATTAATACTTCATTCTTTGACCCTGCTGGAGGGGGAGACCCCATTCTATACCAACATCTATTC","Animalia","Arthropoda","Insecta","Coleoptera","Tenebrionidae","",NA
"TTTAAATAATATAAGATTTTGATTATTACCTCCATCCCTCTCATTACTAATATTAAGATCAATAGTAGATTCGGGTGTAGGGACAGGGTGAACATTATATCCACCCCTGTCTGCAACTATTGCACATTCTGGATCAAGAGTTGATATATCAATTTTTTCCCTTCACTTAGCAGGAATATCATCAATTTTAGGTGCAATTAACTTTATTTCAACAGTATTAAACATACGATCAACAGGAATAAAAATAGACCAAACACCATTATTTGTTTGATCTGTTTTAATTACAGCTATTCTTCTTCTACTTTCACTACCAGTTCTAGCTGGTGCAATTACAATACTATTAACAGACCGTAATATCAATACATCATTTTTTGACCCAGCAGGGGGTGGGGACCCAATTCTTTATCAACATCTTTTC","Animalia","Arthropoda","Insecta","Coleoptera",NA,NA,NA
"ATTAAATAATATAAGATTTTGACTATTACCTCCATCTATATCATTACTAATATTAAGATCAATTGTAGATTCAGGTGTAGGGACAGGGTGAACATTATACCCACCCCTATCAACAACTATTGCACATTCTGGATCAAGAGTTGATATATCAATTTTTTCCCTTCACTTAGCAGGAGTGTCATCAATTTTAGGTGCAATTAATTTTATTTCAACAGTATTAAATATACGACCAATAGGGATAAAAATAGACCAAATACCATTATTTGTATGATCTGTTTTAATTACAGCTATTCTCCTTCTAATTTCATTACCAGTTCTAGCTGGTGCAATTACAATACTATTAACAGACCGTAATATTAATACATCATTTTTTGACCCAGCAGGAGGGGGTGATCCAATTCTTTACCAACATCTTTTC","Animalia","Arthropoda","Insecta","Coleoptera",NA,NA,NA
"AATAAATAATATAAGATTTTGATTACTCCCACCATCACTTTCTTTATTATTAATAAGAAGAATGGTAGAAAACGGTGCTGGTACTGGTTGAACGGTTTACCCACCTCTATCTGCCAACATTGCCCATGGGGGATCATCTGTAGACCTAGCAATCTTCAGACTTCATTTGGCAGGTGTATCTTCAATCTTGGGGGCAATCAATTTTATTTCTACCATATTAAATATGCGCCCAGCCGGAATAACCTTAGATCGAATACCCCTGTTTGCCTGAGCAATCGCAATTACGGCAATTCTTCTTCTTCTTTCTCTACCAGTTTTAGCAGGAGCTATTACTATATTACTTACAGACCGAAATTTAAATACATCTTTCTTTGACCCAGCTGGAGGAGGAGACCCCATTCTTTACCAACACCTTTTT","Animalia","Arthropoda","Insecta","Coleoptera","Mordellidae","","CPBC0106"
"TATAAACAATATAAGATTCTGATTCCTTCCCCCTTCTCTATCTCTTCTGTTAATAAGAAGAATCGTAGAAAATGGTGCCGGAACTGGTTGAACAGTTTACCCACCTTTATCTTCAAATATTGCTCATAGAGGATCTTCAGTTGATTTAGCTATTTTTAGACTTCATTTAGCCGGAATCTCATCAATTCTAGGAGCTGTAAATTTTATTTCTACAGTTATTAACATGCGATCCACAGGAATTTCCTTTGATCGAATGCCTCTTTTTGTTTGAGCCGTAGCAATTACAGCCCTTCTACTTTTATTATCATTACCAGTTCTTGCTGGAGCAATTACTATACTTTTAACAGATCGAAATCTTAATACATCATTTTTTGACCCAGCTGGAGGAGGTGACCCAATTCTCTATCAACACTTATTT","Animalia","Arthropoda","Insecta","Coleoptera","Elateridae","","CPBC0013"
"AATAAATAATATAAGATTTTGATTATTACCTCCTTCTTTAACATTATTATTAATAAGAAGAATAGTAGAAAGAGGGGCAGGAACTGGTTGAACAGTATACCCCCCTTTATCTGCTAATATCGCTCATGGGGGATCTTCTGTAGATTTAGCAATTTTTAGTTTACATTTAGCAGGTATTTCTTCTATTCTTGGAGCAGTAAATTTTATTACTACAGTTATTAATATACGCCCAGAAGGGATAACCTTAGATCGAATACCCTTGTTTGTTTGAGCTGTAGCCATTACTGCTTTACTTTTATTACTATCTTTACCAGTATTAGCAGGAGCTATTACTATACTTTTAACAGACCGAAATTTCAATACTTCTTTTTTTGACCCGGCAGGTGGGGGTGACCCAATTCTCTATCAACATTTATTT","Animalia","Arthropoda","Insecta","Coleoptera",NA,NA,NA
"TTTAAATAATATAAGATTTTGATTATTACCTCCATCTATCTCATTACTAATATTAAGATCAATAGTAGATTCAGGTGTAGGAACAGGGTGAACATTATATCCACCTCTATCTGCAACTATTGCACATTCTGGATCAAGAGTTGATATATCAATTTTCTCCCTACACCTAGCAGGTGTATCATCAATTTTAGGGGCAATTAACTTTATTTCAACAGTATTAAACATACGATCAACAGGAATAAAAATAGACCAAACACCATTATTTGTATGATCTGTTTTAATTACAGCTATTCTACTTCTACTTTCATTACCAGTTCTAGCTGGTGCAATTACAATACTCTTAACAGACCGTAACATTAATACATCATTTTTTGACCCAGCAGGGGGTGGTGATCCAATTCTTTATCAACATCTTTTC","Animalia","Arthropoda","Insecta","Coleoptera",NA,NA,NA
"TATAAACAATATAAGATTCTGATTCCTTCCCCCTTCTCTATCTCTTCTGTTAATAAGAAGAATCGTAGAAAATGGTGCCGGAACTGGTTGAACAGTTTACCCACCTTTATCTTCAAATATTGCTCATAGAGGATCTTCAGTTGATTTAGCTATTTTTAGACTTCATTTAGCCGGAATTTCATCAATTCTAGGAGCTGTAAATTTTATTTCTACAGTTATTAATATGCGATCCACAGGAATTTCCTTTGATCGAATGCCTCTTTTTGTTTGAGCCGTAGCAATTACAGCCCTTCTACTTTTATTATCATTGCCAGTTCTTGCTGGAGCAATTACTATACTTTTAACAGATCGAAATCTTAATACATCATTTTTTGACCCAGCTGGAGGAGGTGACCCAATTCTCTATCAACACTTATTT","Animalia","Arthropoda","Insecta","Coleoptera","Elateridae","","CPBC0013"
"TCTCAACAATATAAGATTTTGACTTCTCCCCCCTTCCCTTACTCTTCTATTAATAAGAAGAGCAGTAAATAAAGGAGCAGGTACAGGATGAACAGTTTACCCCCCTTTATCTATAAACACAGCTCATGAAGGAGCTTCTGTTGATCTCGCAATTTTTAGATTACATATAGCAGGAATTTCCTCTATTTTAGGAGCTATAAATTTTATTTCTACAATTATCAATATACGACCAGCTGGAATAAATTACGATCGAATACCTCTATTTGTTTGAGCTGTAAAAATTACAGCTATTCTTCTACTTCTATCTTTACCAGTTCTTGCAGGAGCAATCACTATACTATTAACTGATCGAAATATCAACACATCTTTTTTTGATCCAGCAGGGGGAGGAGATCCAATTCTTTATCAACATTTATTC","Animalia","Arthropoda","Insecta","Coleoptera","Curculionidae","",NA
"CCTTAACAACATAAGATTCTGGCTACTGCCCCCATCTCTAAGCTTACTTCTAATAAGAAGAATTATTGATAAAGGAGTAGGTACCGGCTGAACTGTCTACCCGCCTCTTTCAGGAAACATTGCCCATGAGGGTATATCTGTTGATATAGCCATTTTCAGTTTGCACATAGCAGGTATCTCATCAATCATAGGAGCAATAAATTTCATTTCCACAGTAGCTAATATACGCCCAATAGGAATAAAACTAGACCGAACAACCTTATTTATCTGAGCAGTAAAAATTACAGCTATTCTCCTACTTCTATCCCTACCTGTTCTTGCAGGAGCGATTACTATACTTTTAACAGATCGAAACATCAACACCTCCTTTTTTGATCCTGCTGGAGGAGGAGACCCTATTCTCTATCAACACTTATTC","Animalia","Arthropoda","Insecta","Coleoptera","Curculionidae","","CPBC0033"
"AATAAATAATATAAGATTTTGACTTCTACCACCTTCACTAAGATTATTATTATTAAGAAGATTAGTAGAAAGTGGGGCTGGGACTGGATGAACTGTTTACCCCCCTTTAGCTGCAAATATTGCCCATAGAGGGTCATCAGTAGATTTAGCAATTTTTAGATTACATTTAGCTGGGATTTCATCTATTCTTGGGGCAGTAAATTTTATTACAACCGTAATTAATATGCGACCCCAAGGTATAAGAATAGACCGAATACCACTATTCTCTTGAGCAGTTGTAATTACAGCTATTCTCTTATTACTTTCTTTACCTGTTTTAGCAGGGGCTATTACAATATTACTTACTGATCGAAATTTAAATACATCATTTTTCGACCCTGCTGGAGGAGGAGATCCAATTCTTTACCAACACTTATTC","Animalia","Arthropoda","Insecta","Coleoptera","family","","CPBC0225"
"TATAAACAATATAAGATTCTGATTCCTTCCCCCTTCTCTATCTCTTCTGTTAATAAGAAGAATCGTAGAAAATGGTGCCGGAACTGGTTGAACAGTTTACCCACCTTTATCTTCAAATATTGCTCATAGAGGATCTTCAATTGATTTAGCTATTTTTAGACTTCATTTAGCCGGAATTTCATCAATTCTAGGAGCTGTAAATTTTATTTCTACAGTTATTAATATGCGATCCACAGGAATTTCCTTTGATCGAATGCCTCTTTTTGTTTGAGCCGTAGCAATTACAGCCCTTCTACTTTTATTATCATTGCCAGTTCTTGCTGGAGCAATTACTATACTTTTAACAGATCGAAATCTTAATACATCATTTTTTGACCCAGCTGGAGGAGGTGACCCAATTCTCTATCAACACTTATTT","Animalia","Arthropoda","Insecta","Coleoptera","Elateridae","","CPBC0013"
"TATAAACAATATAAGATTCTGATTCCTTCCCCCTTCTCTATCTCTTCTGTTAATAAGAAGAATCGTAGAAAATGGTGCCGGAACTGGTTGAACAGTTTACCCACCTTTATCTTCAAATATTGCTCATAGAGGATCTTCAGTTGATTTAGCTATTTTTAGACTTCATTTAGCCGGAATTTCATCAATTCTAGGAGCTGTAAATTTTATTTCTACAGTTATTAATATGCGATCCACAGGAATTTCCTTTGATCGAATGCCTCTTTTTGTTTGAGCCGTAGCAATTACAGCCCTTCTACTTTTATTATCATTACCAGTTCTTGCTGGAGCAATTACTATACTTTTAACAGATCGAAATCTTAATACATCATTTTTTGATCCAGCTGGAGGAGGTGACCCAATTCTCTATCAACACTTATTT","Animalia","Arthropoda","Insecta","Coleoptera","Elateridae","","CPBC0013"
"TATAAATAATATAAGATTTTGACTTTTACCACCTTCTTTAATTCTTCTTTTAATAAGAAGATTAGTTGAAAGAGGGGCCGGAACAGGATGAACAGTTTACCCCCCCTTAGCTAGAAACATCGCCCACGGAGGATCCTCAGTAGACTTAGCTATCTTTAGGCTTCACTTAGCAGGCATTTCATCTATTTTAGGAGCCGTTAATTTTATTACTACAGTAATTAATATACGCCCTAGAGGAATAAATATAGACCGAATACCTCTATTCTCTTGAGCAGTAGTAATTACTGCTATTTTACTTTTATTATCACTCCCAGTATTAGCTGGAGCTATTACTATACTATTAACTGACCGTAATTTAAATACTTCTTTCTTTGATCCTGCTGGTGGTGGAGACCCTATCTTATACCAACACTTATTT","Animalia","Arthropoda","Insecta","Coleoptera","Chrysomelidae","","CPBC0141"
"TATAAACAATATAAGATTCTGATTCCTTCCCCCTTCTCTATCTCTTCTGTTAATAAGAAGAATCGTAGAAAATGGTGCCGGAACTGGTTGAACAGTTTACCCACCTTTATCTTCAAATATTGCTCATAGAGGATCTTCAGTTGATTTAGCTATTTTTAGACTTCATTTAGCCGGAATTTCATCAATTCTAGGAGCTGTAAATTTTATTTCTACAGTTATTAATATACGATCCACAGGAATTTCCTTTGATCGAATGCCTCTTTTTGTTTGAGCCGTAGCAATTACAGCCCTTTTACTTTTATTATCATTACCAGTTCTTGCTGGAGCAATTACTATACTTTTAACAGATCGAAATCTTAATACATCATTTTTTGACCCAGCTGGAGGAGGTGACCCAATTCTCTATCAACACTTATTT","Animalia","Arthropoda","Insecta","Coleoptera","Elateridae","","CPBC0013"
"TATAAACAATATAAGATTCTGATTCCTTCCCCCTTCTCTATCTCTTCTGTTAATAAGAAGAATCGTAGAAAATGGTGCCGGAACTGGTTGAACAGTTTACCCACCTTTATCTTCAAATATTGCTCATAGAGGATCTTCAGTTGATTTAGCTATTTTTAGACTTCATTTAGCCGGAATCTCATCAATTCTAGGAGCTGTAAATTTTATTTCTACAGTTATTAATATGCGATCCACAGGAATTTCCTTTGATCGAATGCCTCTTTTTGTTTGAGCCGTAGCAATTACAGCCCTTCTACTTTTATTGTCATTACCAGTTCTTGCTGGAGCAATTACTATACTTTTAACAGATCGAAATCTTAATACATCATTTTTTGACCCAGCTGGAGGAGGTGACCCAATTCTCTATCAACACTTATTT","Animalia","Arthropoda","Insecta","Coleoptera","Elateridae","","CPBC0013"
"GATGAACAACATAAGATTTTGACTCCTACCACCTTCCCTTAATCTACTAGTAATGAGAAGAATTGTAGAAAGGGGGGTTGGAACAGGATGAACTGTTTATCCACCCTTATCAGCAAATGTAGCCCACAGAGGGTCTTCAGTTGATTTAGCAATTTTCAGATTACACTTGGCAGGAATTTCGTCAATTTTAGGAGCAGTAAACTTCATTTCAACAGTAATCAATATACGCCCAAGAGGAATATACATAGACCGAACTCCTTTATTTGTGTGAGCTGTTGTAATCACCGCAATTCTTCTTCTCCTCTCCCTTCCTGTTTTAGCAGGGGCCATCACAATGCTATTAACTGACCGTAACTTAAATACAACCTTTTTCGACCCGGCCGGAGGGGGAGACCCTATTCTATATCAACATTTATTT","Animalia","Arthropoda","Insecta","Coleoptera","Chrysomelidae","","CPBC0044"
"AATAAACAATATAAGATTCTGACTTCTTCCCCCTTCTCTTACTCTCCTTTTAATAAGAAGAATAGTAGAAAGTGGAGCCGGAACAGGATGAACAGTGTACCCCCCACTATCATCAAATATTGCTCATGGTGGATCTTCTGTAGATTTAGCTATTTTTAGACTTCATTTAGCAGGTATTTCATCAATTCTTGGAGCCGTAAATTTTATTTCTACAATTATTAATATACGATCTCCAGGAATAACTTTTGACCAAATACCTTTATTTGTGTGATCAGTTGGAATTACAGCTTTACTTTTACTTTTATCTTTACCTGTATTAGCAGGAGCTATTACAATATTATTAACAGATCGAAATTTAAATACCTCATTTTTTGATCCTGCTGGAGGAGGAGATCCAATTTTATATCAACATTTATTT","Animalia","Arthropoda","Insecta","Coleoptera","Staphylinidae","","CPBC0018"
"AATAAATAATATAAGATTTTGACTCCTACCACCTTCACTAAGATTATTATTATTAAGAAGATTAGTAGAAAGTGGGGCTGGAACTGGGTGAACTGTTTACCCTCCTTTAGCTGCAAATATTGCCCATAGAGGATCATCAGTAGATTTAGCAATTTTTAGACTACATTTAGCTGGAATTTCATCTATTCTTGGAGCAGTAAATTTTATTACAACTGTAATTAATATGCGACCTCAGGGCATAAGAATAGACCGAATACCATTATTCTCTTGAGCAGTTGTAATTACAGCTATTCTCTTATTACTTTCTTTACCTGTTTTAGCGGGGGCTATTACAATATTACTTACTGATCGAAATTTAAATACATCATTTTTCGACCCTGCTGGAGGAGGAGATCCAATTCTTTACCAACACTTATTT","Animalia","Arthropoda","Insecta","Coleoptera","Chrysomelidae","","CPBC0209"
"AATAAACAATATAAGATTCTGGCTTTTACCCCCTTCTCTTAGATTATTAATTATAAGAAGAATTGTAGAAAATGGGGCAGGAACTGGTTGAACTGTTTACCCGCCTTTAGCTTCAAATATTGCCCATAGAGGCTCTTCTGTAGATCTGGCAATTTTTAGTTTACATTTAGCCGGGGTTTCTTCTATTTTAGGGGCAGTTAATTTTATTACAACTGTAATTAATATGCGCCCAATGGGTATAAGATTTGACCGTATGCCTTTATTTGTTTGAGCTGTAGTAATCACCGCTGTTTTATTACTCCTCTCCCTACCTGTTTTAGCTGGAGCAATCACAATACTATTAACTGATCGTAATTTAAATACTTCATTTTTTGATCCTGCTGGAGGGGGGGATCCTATTCTTTACCAACATTTATTT","Animalia","Arthropoda","Insecta","Coleoptera","Salpingidae","","CPBC0065"
"AATAAATAATATAAGATTTTGACTCCTACCACCTTCACTAAGATTATTATTATTAAGAAGATTAGTAGAAAGTGGGGCTGGAACTGGGTGAACTGTTTACCCTCCTTTAGCTGCAAATATTGCCCATAGAGGGTCATCAGTAGATTTAGCAATTTTTAGATTACATTTAGCTGGGATTTCATCTATTCTTGGAGCAGTAAATTTTATTACAACTGTAATTAATATGCGACCTCAGGGCATAAGAATAGACCGAATACCATTATTCTCTTGAGCAGTTGTAATTACAGCTATTCTCTTATTACTTTCTTTACCTGTTTTAGCGGGGGCTATTACAATATTACTTACTGATCGAAATTTAAATACATCATTTTTCGACCCTGCTGGAGGAGGAGATCCAATTCTTTACCAACACTTATTT","Animalia","Arthropoda","Insecta","Coleoptera","Chrysomelidae","","CPBC0209"
"AATAAATAATATAAGATTTTGACTTCTACCACCTTCACTAAGATTATTATTATTAAGAAGATTAGTAGAAAGTGGGGCTGGGACTGGATGAACTGTTTACCCCCCTTTAGCTGCAAATATTGCCCATAGGGGGTCATCAGTAGATTTAGCAATTTTTAGATTACATTTAGCTGGAATTTCATCTATTCTTGGGGCAGTAAATTTTATTACAACCGTAATTAATATGCGACCCCAAGGTATAAGAATAGACCGAATACCACTATTCTCTTGAGCAGTTGTAATTACAGCCATTCTCTTATTACTTTCTTTACCTGTTTTAGCAGGAGCTATTACAATATTACTTACTGATCGAAATTTAAATACATCATTTTTCGACCCTGCTGGAGGAGGAGATCCAATTCTTTACCAACACTTGTTC","Animalia","Arthropoda","Insecta","Coleoptera","family","","CPBC0226"
"AATAAACAATATGAGATTCTGATTATTACCCCCTTCTCTTAGTCTTCTTTTAATAAGAAGAATTGTAGAGAATGGAGCAGGGACTGGATGAACAGTATACCCACCATTAGCTGCTAATATTGCACATAGAGGATCTTCAGTAGATCTTGCTATTTTTAGACTTCACTTAGCAGGAATTTCTTCAATTTTAGGTGCTGTCAATTTCATTTCTACAGTTATTAATATACGACCCAGAGGTATAAGATTAGATCGTTTACCTTTATTTGCATGAGCTGTAGTAATTACAGCTATTCTTTTATTATTATCCCTCCCAGTATTAGCAGGAGCAATTACAATACTTCTTACAGATCGAAATTTAAATACCACATTTTTTGACCCAGCAGGAGGAGGAGACCCTATTTTATATCAACATTTATTT","Animalia","Arthropoda","Insecta","Coleoptera","Chrysomelidae","","CPBC0045"
"ATTAAATAATATGAGATTTTGATTACTTCCACCATCATTAATATTACTTTTAATAAGAAGTATTATTGATAAAGGTGCAGGAACAGGATGAACTGTATACCCACCCTTATCTACTAATATTGCTCACGAAGGAACTTCTGTAGATTTAGCTATTTTTAGTCTTCACATAGCTGGAATCTCCTCAATTCTTGGAGCAATAAATTTTATTTCTACAGTTATTAATATACGACCATCTGGTATAAACCCAGATCGCATATCTCTATTTATTTGAGCAGTAAAAATTACTGCTATTTTACTTCTTCTATCCTTACCAGTTTTAGCAGGAGCAATTACTATACTATTAACAGACCGAAATATTAATACTTCATTCTTTGACCCAGCAGGAGGGGGAGACCCAATTCTGTACCAACACTTATTT","Animalia","Arthropoda","Insecta","Coleoptera","Curculionidae","","CPBC0097"
"AATGAATAATTTAAGATTTTGAATATTACCCCCTTCATTATTATTATTAATAATTAGCAATATAATTGAAGGAGGTACAAACACAGGATGAACTCTATACCCACCATTAGCCATAATCAATAATCACAATAATTCATCTATAGATTTAACAATTTTTTCATTACATTTAGCAGGTATTAGATCAATCATAGGATCAATCAATTTTATCTCAACCATTATTAATATAAAACCAAAAATAATAAACTTTGAACATATTCCATTATTTATTTGATCTTTATTAATTACAACTATCCTACTTTTATTATCCCTACCAGTGTTAGCTGGTGGAATTACAATATTATTAACAGACCGTAATATCAATACATCATTTTTTGATCCATCAGGAGGTGGAGATCCCATCTTATTTCAACATTTATTC","Animalia","Arthropoda","Insecta","Coleoptera",NA,NA,NA
"AATAAATAATATAAGATTTTGACTTCTACCACCTTCACTAAGATTATTATTATTAAGAAGATTAGTAGAAAGTGGGGCTGGGACTGGATGAACTGTTTACCCCCCTTTAGCTGCAAATATTGCTCATAGAGGGTCATCAGTAGATTTAGCAATTTTTAGATTACATTTAGCTGGGATTTCATCTATTCTTGGGGCAGTAAATTTTATTACAACCGTAATTAATATACGACCCCAAGGTATAAGAATAGACCGAATACCACTATTCTCTTGAGCAGTTGTAATTACAGCTATTCTCTTATTACTTTCTTTACCTGTTTTAGCAGGGGCTATTACAATATTACTTACTGATCGAAATTTAAATACATCATTTTTCGACCCTGCTGGAGGAGGGGATCCAATTCTTTACCAACACTTATTC","Animalia","Arthropoda","Insecta","Coleoptera","Chrysomelidae","","CPBC0029"
"AATAAATAATATAAGATTTTGACTTCTACCACCTTCACTAAGATTATTATTATTAAGAAGATTAGTAGAAAGTGGGGCTGGAACTGGATGAACTGTTTACCCCCCTTTAGCTGCAAATATTGCTCATAGAGGGTCATCAGTAGATTTAGCAATTTTTAGATTACATTTAGCTGGGATTTCATCTATTCTTGGGGCAGTAAATTTTATTACAACCGTAATTAATATACGACCCCAAGGTATAAGAATAGACCGAATACCACTATTCTCTTGAGCAGTTGTAATTACAGCTATTCTCTTATTACTTTCTTTACCTGTTTTAGCAGGGGCTATTACAATATTACTTACTGATCGAAATTTAAATACATCATTTTTCGACCCTGCTGGAGGAGGGGATCCAATTCTTTACCAACACTTGTTC","Animalia","Arthropoda","Insecta","Coleoptera","Chrysomelidae","","CPBC0029"
"AATAAACAACATAAGATTTTGATTGCTGCCCCCATCAATTAGCTTATTGATTCTGAGAAGAATTGTTGAAAGAGGAGCAGGGACAGGTTGAACTGTTTATCCACCTCTATCTTCTAACATTGCCCATGGAGGATCATCTGTTGATTTAGCCATTTTTAGACTTCATTTAGCAGGTATTTCATCAATTTTAGGAGCAGTTAATTTTATTTCTACAGTTATTAATATACGTCCTAGAGGATTAACTTTAGATCGAATACCTCTATTTGTATGAGCAGTAGCTATTACAGCTCTTCTTCTTCTTCTTTCACTCCCAGTTCTTGCAGGAGCAATCACAATACTTCTAACTGATCGTAACATTAATACAACTTTTTTTGACCCTGCGGGAGGAGGAGATCCAATTCTTTATCAACATTTATTT","Animalia","Arthropoda","Insecta","Coleoptera",NA,NA,NA
"AATAAATAATATAAGATTTTGACTCCTACCACCTTCACTAAGATTATTATTATTAAGAAGATTAGTAGAAAGTGGGGCTGGAACTGGGTGAACTGTTTACCCTCCTTTAGCTGCAAATATTGCCCATAGAGGGTCATCAGTAGATTTAGCAATTTTTAGGCTACATTTAGCTGGGATTTCATCTATTCTTGGAGCAGTAAATTTTATTACAACTGTAATTAATATGCGACCTCAGGGCATAAGAATAGACCGAATACCATTATTCTCTTGAGCAGTTGTAATTACAGCTATTCTCTTATTACTTTCTTTACCTGTTTTAGCAGGGGCTATTACAATATTACTTACTGATCGAAATTTAAATACATCATTTTTCGACCCTGCTGGAGGAGGAGATCCAATTCTTTACCAACACTTATTT","Animalia","Arthropoda","Insecta","Coleoptera","Chrysomelidae","","CPBC0209"
"ATTAAATAATATGAGATTTTGATTACTTCCACCATCATTAATATTACTTTTAATAAGAAGTATTATTGATAAAGGTGCAGGAACAGGATGAACTGTATACCCACCCTTATCTACTAATATTGCTCACGAAGGAACTTCTGTAGATTTAGCTATTTTTAGTCTTCACATAGCTGGAATCTCCTCAATTCTTGGGGCAATAAATTTTATTTCTACAGTTATTAATATACGACCATCTGGTATAAACCCAGATCGCATATCTCTATTTATTTGAGCAGTAAAAATTACTGCTATTTTACTTCTTCTATCCTTACCAGTTTTAGCAGGAGCAATTACTATACTATTAACAGACCGAAATATTAATACTTCATTCTTTGACCCAGCAGGAGGGGGAGACCCAATTCTGTACCAACACTTATTT","Animalia","Arthropoda","Insecta","Coleoptera","Curculionidae","","CPBC0097"
"AATAAATAATATAAGATTTTGACTCCTACCACCTTCACTAAGATTATTATTATTAAGAAGATTAGTAGAAAGTGGGGCTGGAACTGGGTGAACTGTTTACCCTCCCTTAGCTGCAAATATTGCCCATAGAGGGTCATCAGTAGATTTAGCAATTTTTAGACTACATTTAGCTGGAATTTCATCTATTCTTGGAGCAGTAAATTTTATTACAACTGTAATTAATATGCGACCTCAGGGCATAAGAATAGACCGAATACCATTATTCTCTTGAGCAGTTGTAATTACAGCTATTCTCTTATTACTTTCTTTACCTGTTTTAGCGGGGGCTATTACAATATTACTTACTGATCGAAATTTAAATACATCATTTTTCGACCCTGCTGGAGGAGGAGATCCAATTCTTTACCAACACTTATTT","Animalia","Arthropoda","Insecta","Coleoptera","Chrysomelidae","","CPBC0209"
"AATAAATAATATAAGATTCTGACTTTTACCCCCTTCTCTTAGATTATTAATTATAAGAAGAATTGTAGAAAATGGGGCAGGAACTGGTTGGACTGTTTACCCACCTTTAGCTTCAAATATTGCCCATAGAGGCTCTTCTGTAGATCTGGCAATTTTTAGTTTACATTTAGCCGGGGTTTCTTCTATTTTAGGGGCAGTTAATTTTATTACAACTGTAATTAATATGCGCCCAATGGGTATAAGATTTGACCGTATACCTTTATTTGTTTGAGCTGTAGTAATCACCGCTGTTTTATTACTTCTCTCCCTACCTGTTTTAGCTGGAGCAATCACAATACTATTAACTGATCGTAATTTAAATACTTCATTTTTTGATCCTGCTGGAGGGGGAGATCCCATTCTTTACCAACATTTATTT","Animalia","Arthropoda","Insecta","Coleoptera","Salpingidae","","CPBC0065"
"AATAAATAATATAAGATTTTGACTTCTACCACCTTCACTAAGATTATTATTATTAAGAAGATTAGTAGAAAGTGGGGCTGGGACTGGATGAACTGTTTATCCCCCTTTAGCTGCTAATATTGCCCATAGAGGGTCATCAGTAGATTTAGCAATTTTTAGATTGCATTTAGCTGGAATTTCATCTATTCTTGGAGCAGTAAATTTTATTACAACCGTAATTAATATGCGACCCCAAGGTATAAGAATAGACCGAATACCACTATTCTCTTGAGCAGTTGTAATTACAGCTATTCTCTTATTACTTTCTTTACCTGTTTTAGCAGGGGCTATTACAATATTACTTACTGATCGAAATTTAAATACATCATTTTTCGACCCTGCTGGAGGGGGAGATCCAATTCTTTACCAACACTTGTTC","Animalia","Arthropoda","Insecta","Coleoptera","Chrysomelidae","","CPBC0210"
"AATAAATAATATAAGATTTTGATTACTTCCCCCCTCTTTAAGCCTTCTTTTAATAAGAAGAATAGTAGAAAGAGGAGCTGGAACAGGATGAACAGTTTACCCTCCCCTTTCATCAAATATTGCTCATGGGGGAGCTTCTGTAGATCTCGCTATTTTTAGATTACACTTAGCGGGGATTTCTTCTATTTTAGGAGCTGTAAATTTTATTACTACAATTATTAATATGCGAGCCACAGGAATATCATATGAACGAATACCTCTTTTTGTATGATCCGTAGCTATTACAGCTTTATTGTTACTGCTTTCCTTACCTGTTTTAGCAGGAGCAATTACAATACTATTAACAGACCGAAATTTAAATACTTCTTTTTTTGACCCAGCTGGTGGGGGAGATCCAATTTTATACCAGCATTTATTT","Animalia","Arthropoda","Insecta","Coleoptera","Staphylinidae","",NA
"CCTTAACAACATAAGATTCTGGCTACTGCCTCCATCTCTAACCTTACTTCTAATAAGAAGAATTATTGATAAAGGAGTAGGTACCGGCTGAACTGTCTACCCGCCTCTTTCAGGAAACATTGCCCATGAAGGCATATCTGTTGATATAGCCATTTTCAGTTTGCACATAGCAGGTATCTCATCAATCATAGGAGCAATAAATTTCATTTCCACAGTAGCTAATATACGCCCAATAGGAATAAAACTAGACCGAACAACCTTATTTATCTGAGCAGTAAAAATTACAGCTATTCTCCTACTTCTATCCCTACCTGTTCTTGCAGGAGCGATTACTATACTTTTAACAGATCGAAACATCAACACCTCCTTTTTTGATCCTGCTGGAGGAGGAGACCCTATTCTCTATCAACACTTATTC","Animalia","Arthropoda","Insecta","Coleoptera","Curculionidae","","CPBC0033"
"AATAAATAATATGAGATTCTGACTTCTTCCTCCTTCATTATTTTTACTAATTATAAGAAGAGTAGTGGAAAGAGGTGCAGGAACTGGCTGAACAGTTTATCCTCCTTTATCATCTAATATTGCCCATGGAGGAGCTTCAGTAGATCTAGCTATTTTTAGTTTACATCTAGCAGGAATTTCATCAATTTTAGGTGCTATTAATTTTATTACGACAGTTATTAATATACGCCCTGCAGGAATAACTTTAGACCGAATACCTCTATTTGTTTGAGCAGTTGTAATTACTGCAATTCTACTTCTTTTATCATTACCTGTGCTAGCAGGAGCTATTACTATGTTATTAACTGATCGAAATTTAAATACTTCATTTTTTGATCCTGCAGGAGGGGGGGATCCAATTTTATACCAACACTTATTT","Animalia","Arthropoda","Insecta","Coleoptera","Chrysomelidae","","CPBC0084"
"AATAAATAATATAAGATTTTGACTTCTACCACCTTCACTAAGATTATTATTATTAAGAAGATTAGTAGAAAGTGGGGCTGGGACTGGATGAACTGTTTACCCCCCTTTAGCTGCAAATATTGCCCATAGAGGGTCATCAGTAGATTTAGCAATTTTTAGATTACATTTAGCTGGGATTTCATCTATTCTTGGGGCAGTAAATTTTATTACAACCGTAATTAATATGCGACCCCAAGGTATAAGAATAGACCGAATACCACTATTCTCTTGAGCAGTTGTAATTACAGCCATTCTCTTATTACTTTCTTTACCTGTTTTAGCAGGGGCTATTACAATATTACTTACTGATCGAAATTTAAATACATCATTTTTTGACCCTGCTGGAGGAGGAGATCCAATTCTTTACCAACACTTGTTC","Animalia","Arthropoda","Insecta","Coleoptera",NA,NA,NA
"AATAAATAATATAAGATTTTGACTTCTACCACCTTCACTAAGATTATTATTATTAAGAAGATTAGTAGAAAGTGGGGCTGGGACTGGATGAACTGTTTACCCCCCTTTAGCTGCAAATATTGCCCATAGAGGGTCATCAGTAGATTTAGCAATTTTTAGATTACATTTAGCTGGGATTTCATCTATTCTTGGGGCAGTAAATTTTATTACAACCGTAATTAATATGCGACCCCAAGGTATAAGAATAGATCGAATACCACTATTCTCTTGAGCAGTTGTAATTACAGCTATTCTCTTATTACTTTCTTTACCTGTTTTAGCAGGGGCTATTACAATATTACTTACTGATCGAAATTTAAATACATCATTTTTCGACCCTGCTGGAGGAGGAGATCCAATTCTTTACCAACACTTGTTC","Animalia","Arthropoda","Insecta","Coleoptera",NA,NA,NA
"AATAAATAATATAAGTTTCTGAATATTACCCCCCTCTCTCTCACTACTTTTAACAAGCAGAATAGTTGATAACGGAGCAGGAACAGGATGAACAGTTTATCCCCCCTTATCAAGAGGAATCGCCCATGGGGGAGCTTCCGTTGATTTGGCTATCTTTTCTTTACATTTAGCTGGTATCTCCTCAATTTTAGGAGCTGTAAATTTTATTACTACAGTAATTAATATACGTTCTTCAGGAATTACTTTAGATCGTTTACCTTTATTTGTTTGATCAGTAGTAATTACAGCTATTTTATTACTTCTATCTCTTCCAGTTCTGGCAGGAGCTATTACTATATTATTAACAGATCGAAATTTAAATACTTCTTTCTTTGACCCAGCGGGGGGTGGAGATCCTATTCTCTACCAACATTTATTT","Animalia","Arthropoda","Insecta","Coleoptera",NA,NA,NA
"AATAAATAATATAAGTTTTTGATTACTTCCCCCATCATTAACACTATTATTAGCCGGAGGATTAGTAGAAAGAGGTGCAGGGACCGGATGAACAGTTTACCCACCATTAGCCTCAGGTATTGCTCATGCAGGTGCTTCAGTTGATCTCTCAATTTTTAGCTTACATTTAGCAGGTGCATCATCAATTCTAGGAGCTGTCAACTTTATCACAACAATTATTAATATACGATCTCCTGGAATATCTTGAGACCAGACGCCATTATTTGTTTGATCTGTATTTCTAACCGCTATTTTATTACTTTTATCCCTGCCCGTATTAGCCGGTGCTATTACTATATTATTAACAGATCGAAACTTAAATACCACTTTTTTTGACCCTGCGGGAGGTGGAGACCCTATTTTATACCAACACTTATTT","Animalia","Arthropoda","Insecta","Coleoptera",NA,NA,NA
"AATAAATAATATAAGTTTTTGATTACTTCCCCCATCATTAACACTATTATTAGCCGGAGGGTTAGTAGAAAGAGGTGCAGGAACCGGATGAACAGTTTACCCACCATTAGCCTCAGGCATTGCTCACGCAGGTGCTTCAGTTGATCTCTCAATTTTTAGCTTACATTTAGCAGGCGCATCATCAATTCTAGGAGCTGTCAACTTTATCACAACAATTATTAATATACGATCTCCTGGAATATCATGAGACCAGACACCATTATTTGTTTGATCTGTATTTCTAACCGCTATCTTGTTACTTTTATCTCTGCCAGTATTAGCCGGTGCTATTACTATATTATTAACAGATCGAAACTTAAATACCACTTTTTTTGACCCTGCGGGAGGTGGGGACCCTATTTTATACCAACACTTATTT","Animalia","Arthropoda","Insecta","Coleoptera",NA,NA,NA
"AATAAATAATATAAGATTTTGACTTCTACCACCTTCACTAAGATTATTATTATTAAGAAGATTAGTAGAAAGTGGGGCTGGGACTGGATGAACTGTTTATCCCCCTTTAGCTGCAAATATTGCCCATAGAGGGTCATCAGTAGATTTAGCAATTTTTAGATTGCATTTAGCTGGGATTTCATCTATTCTTGGAGCAGTAAATTTTATTACAACCGTAATTAATATACGACCCCAAGGTATAAGAATAGACCGAATACCACTATTCTCTTGAGCAGTTGTAATTACAGCTATTCTCTTATTACTTTCTTTACCTGTTTTAGCAGGAGCTATTACAATATTACTTACTGATCGAAATTTAAATACATCATTTTTCGACCCTGCTGGAGGGGGAGATCCAATTCTTTACCAACACTTGTTC","Animalia","Arthropoda","Insecta","Coleoptera","Chrysomelidae","","CPBC0210"
"CCTTAACAACATAAGATTCTGGCTACTGCCCCCATCTTTAACCTTACTTCTAATAAGAAGAATTATTGATAAAGGAGTAGGTACCGGCTGAACTGTCTACCCGCCTCTTTCAGGAAACATTGCCCATGAAGGCATATCTGTTGATATAGCCATTTTCAGTTTGCACATAGCAGGTATCTCATCAATCATAGGAGCAATAAATTTCATTTCCACAGTAGCTAATATACGCCCAATAGGAATAAAACTAGACCGAACAACCTTATTTATCTGAGCAGTAAAAATTACAGCTATTCTCCTACTACTATCCCTACCTGTCCTTGCAGGAGCAATTACTATACTTTTAACAGATCGAAACATCAACACCTCCTTTTTTGATCCTGCTGGAGGAGGAGACCCTATTCTCTATCAACACCTATTC","Animalia","Arthropoda","Insecta","Coleoptera","Curculionidae","","CPBC0033"
"ACTTAACAACATAAGTTTTTGACTACTCCCCCCCTCGCTAACCTTCTTATTAATAAGAAGACTAGTAGACAAAGGAGCAGGAACTGGTTGAACAGTTTACCCCCCGCTATCCTCAAATGTCTCCCACGAAGGGTCCTCCGTAGATTTAGCAATTTTCAGACTACATATGGCTGGGGTATCCTCAATCTTAGGAGCCATCAACTTCATTTCAACAGTAATCAATATACATCCTAAAGGAATAAAACCAGAACAACTTCCTCTGTTTGTCTGAGCCGTTAAAATTACAGCAGTTCTTCTCCTATTAAGACTACCAGTTCTAGCGGGAGCAATTACAATACTATTAACAGATCGTAACGTAAACACTTCGTTCTTTGACCCGGCAGGAGGGGGAGACCCTATCCTCTACCAACACTTGTTC","Animalia","Arthropoda","Insecta","Coleoptera","Curculionidae","","CPBC0070"
"AATAAATAATATAAGATTTTGACTCCTACCACCTTCACTAAGATTATTATTATTAAGAAGATTAGTAGAAAGTGGGGCTGGAACTGGATGAACTGTTTACCCTCCTTTAGCTGCAAATATTGCCCATAGAGGGTCATCAGTAGATTTAGCAATTTTTAGACTACATTTAGCTGGGATTTCATCTATTCTTGGAGCAGTAAATTTTATTACAACTGTAATTAATATGCGACCTCAAGGCATAAAAATAGACCGAATACCATTATTCTCTTGAGCAGTTGTAATTACAGCTATTCTCTTATTACTTTCTTTACCTGTTTTAGCGGGGGCTATTACAATATTACTTACTGATCGAAATTTAAATACATCATTTTTCGACCCTGCTGGAGGAGGAGATCCAATTCTTTACCAACACTTATTT","Animalia","Arthropoda","Insecta","Coleoptera","Chrysomelidae","","CPBC0209"
"AATAAACAATATAAGATTCTGACTTTTACCCCCTTCTCTTAGATTATTAATTATAAGAAGAATTGTAGAAAATGGGGCAGGAACTGGCTGGACTGTTTACCCACCTTTAGCTTCAAATATTGCCCATAGAGGCTCTTCTGTAGATCTGGCAATTTTTAGTTTACATTTAGCCGGGGTCTCTTCTATTTTAGGGGCAGTTAATTTTATTACAACTGTAATTAATATGCGCCCAATGGGTATAAGATTTGACCGTATACCTTTATTTGTTTGGGCCGTAGTAATCACCGCTGTTTTATTACTTCTCTCCCTACCTGTTTTAGCCGGAGCAATCACAATACTATTAACTGATCGTAATTTAAATACTTCATTTTTTGACCCTGCTGGAGGGGGGGATCCTATTCTTTACCAACATTTATTT","Animalia","Arthropoda","Insecta","Coleoptera","Salpingidae","","CPBC0065"
"ATTAAACAACATAAGATTCTGGCTATTACCCCCATCCCTAACATTTTTATTAATAAGAAGACTAGTAGATAAAGGAGCAGGGACTGGATGAACCGTTTATCCTCCATTATCCTCAAATATCTCACATGAAGGGTCCTCAGTTGATTTAGCAATCTTCAGTCTACACATAGCAGGAGTATCCTCAATCCTAGGGGCTATCAACTTTATTTCTACTGTAATCAATATACACCCAAGAGGTATAAAGCCAGAACAACTACCCTTATTTGTATGAGCTGTAAAAATTACAGCAATTTTATTACTTTTAAGACTACCAGTTTTAGCAGGAGCAATTACAATACTCTTAACAGACCGAAACGTAAATACTTCATTTTTCGATCCAGCAGGGGGAGGTGATCCTATTTTATATCAACACCTATTC","Animalia","Arthropoda","Insecta","Coleoptera","Curculionidae","","CPBC0037"
"AATAAATAATATAAGTTTTTGATTACTTCCCCCATCATTAACACTATTATTAGCCGGAGGATTAGTAGAAAGAGGTGCAGGGACCGGATGAACAGTTTACCCGCCATTGGCCTCAGGTATTGCTCATGCAGGTGCTTCAGTTGATCTCTCAATTTTTAGCTTACATTTAGCAGGCGCATCATCAATTCTAGGAGCTGTCAACTTTATCACAACAATTATTAATATACGATCTCCTGGAATATCCTGAGACCAGACGCCATTATTTGTTTGATCTGTGTTTCTAACCGCTATTTTGTTACTTTTATCCCTGCCCGTATTAGCCGGTGCTATTACTATATTATTAACAGATCGAAACTTAAATACCACTTTTTTTGACCCTGCGGGAGGTGGAGACCCTATTTTATACCAACACTTATTT","Animalia","Arthropoda","Insecta","Coleoptera",NA,NA,NA
"AATAAATAATATAAGATTTTGACTTTTACCCCCTTCCTTGTTATTTCTACTAATAAGAAGATTAACAGAAAGAGGAGCGGGTACAGGATGAACTGTTTACCCTCCTCTTTCAGCTAATATTGCCCATAGAGGGTCTTCAGTAGATTTGGCTATTTTTAGACTTCATTTAGCTGGAATTTCCTCAATTTTAGGAGCAATTAATTTCATTTCTACAGTTATTAATATACGACCAAAAGGAATAAGACTTGACCGTTTACCCTTATTTGTATGGGCGGTAGTAATTACAGCTATTTTACTTTTACTATCTCTCCCTGTTTTAGCAGGAGCGATTACAATATTATTAACCGATCGAAATTTGAATACCTCCTTTTTTGACCCTGCTGGAGGAGGAGATCCAATTCTGTACCAACACTTATTT","Animalia","Arthropoda","Insecta","Coleoptera",NA,NA,NA
"AATAAATAATATAAGTTTTTGATTACTTCCCCCATCATTAACACTATTATTAGCCGGAGGATTAGTAGAAAGAGGTGCAGGGACCGGATGAACAGTTTACCCACCATTAGCCTCAGGTATTGCTCATGCAGGTGCTTCAGTTGATCTCTCAATTTTTAGCTTACATTTAGCAGGTGCATCATCAATTCTAGGAGCTGTCAACTTTATCACAACAATTATTAATATACGATCTCCTGGAATATCTTGAGACCAGACGCCATTATTTGTTTGATCTGTATTTCTAACCGCTATTTTGTTACTTTTATCCCTGCCCGTATTAGCCGGTGCTATTACTATATTATTAACAGATCGAAACTTAAATACCACTTTTTTTGACCCTGCGGGAGGTGGAGACCCTATTTTATACCAACACTTATTT","Animalia","Arthropoda","Insecta","Coleoptera",NA,NA,NA
"AATAAATAATATAAGTTTCTGACTACTGCCTCCATCTCTTACCCTTCTTCTAATAAGCAGTATAGTTGAAAGAGGTGCGGGCACAGGATGAACTGTGTACCCTCCCCTTTCATCAGGAATTGCTCATGCAGGTGCATCTGTTGATTTAGCTATTTTTAGATTACATTTAGCAGGAATTTCTTCTATTTTAGGAGCTGTAAATTTTATTACTACAATTATTAATATACGTTCTGTGGGAATAACATTTGATCGTATACCTTTATTTGTATGATCAGTAGGAATTACAGCTTTATTATTATTACTTTCATTACCTGTATTAGCTGGGGCTATTACAATATTATTAACTGATCGAAATTTAAATACTTCATTTTTTGATCCTGCAGGAGGAGGAGACCCTATTTTATATCAACATCTATTT","Animalia","Arthropoda","Insecta","Coleoptera","Carabidae","",NA
"AATAAATAATATAAGATTCTGATTATTACCTCCTTCATTAACTTTATTAATTTCTAGAAGAATTGTAGAAAATGGAGCTGGAACAGGATGAACAGTATACCCCCCACTTTCATCTAATATTGCTCATGGAGGAAGATCAGTTGATTTAGCTATTTTTTCTCTTCATTTAGCTGGTATTTCTTCTATTTTAGGAGCAATTAATTTCATCACTACTATTATTAATATACGTATTAATGGATTATCTTTTGATCAAATACCTTTATTTGTATGATCTGTAGGAATTACTGCTTTATTACTATTACTTTCTTTACCAGTTTTAGCAGGAGCTATTACTATATTACTCACAGATCGAAATTTAAATACCTCATTTTTCGATCCAGCAGGAGGAGGAGATCCTATTCTTTATCAACATTTATTT","Animalia","Arthropoda","Insecta","Coleoptera",NA,NA,NA
"CCTTAACAATATCAGTTTTTGGCTGTTAATTCCTGCTTTCATCCTGCTTATGGGTTCGGCTTTTGTTGACGGCGGACCGGGAACGGGCTGGACGCTCTACCCTCCTTTAAGTAATTTGAGCGGTCATCCGGGAGCAGCCGTTGATATGGCTATTTTCAGCTTACATTTAACCGGTCTATCGTCAATCCTCGGATCAATTAACTTAATCGTTACTATATTTAATATGAGAGCTCCGGGCATGGGACTTTTCAAAATGCCGTTATTCGTTTGGTCTATATTAGTTACTGCATTCCTTATAATCTTAGCTATGCCGGTACTTGGCGGAGCTATAACTATGCTGCTTACCGACCGTAACTTTGGAACTAATTTCTTTAAACCGGACGGCGGCGGCGATCCCGTATTATTTCAACATCTATTT","Animalia","Arthropoda","Insecta","Coleoptera",NA,NA,NA
"AATAAATAATATGAGATTCTGACTTCTTCCTCCTTCATTATTTTTACTAATTATAAGAAGAGTAGTAGAAAGAGGTGCAGGAACTGGCTGAACAGTTTATCCTCCTTTATCATCTAATATTGCCCATGGAGGAGCTTCAGTAGATCTGGCTATTTTTAGTTTACATCTAGCAGGAATTTCATCAATTTTAGGTGCTATTAATTTTATTACTACAGTTATTAATATACGACCCGCAGGAATAACTTTAGATCGAATACCCCTATTTGTTTGAGCAGTTGTAATTACTGCAATTCTACTTCTTTTATCATTACCTGTACTAGCAGGAGCTATTACTATGTTATTAACTGATCGAAATTTAAATACTTCATTTTTTGATCCTGCAGGAGGAGGAGACCCAATTTTATACCAACACTTATTT","Animalia","Arthropoda","Insecta","Coleoptera","Chrysomelidae","","CPBC0084"
"AATAAATAATATAAGTTTTTGATTACTTCCCCCATCATTAACACTATTATTAGCCGGAGGATTAGTAGAAAGAGGTGCAGGGACCGGATGAACAGTTTACCCGCCATTGGCCTCAGGTATTGCTCATGCAGGTGCTTCAGTTGATCTCTCAATTTTTAGCTTACATTTAGCAGGCGCATCATCAATTCTAGGAGCTGTCAACTTTATCACAACAATTATTAATATACGATCTCCTGGAATATCCTGAGACCAGACGCCATTATTTGTTTGATCTGTATTTCTAACCGCTATTTTGTTACTTTTATCCCTGCCCGTATTAGCCGGTGCTATTACTATATTATTAACAGATCGAAACTTAAATACCACTTTTTTTGACCCTGCGGGAGGTGGAGACCCTATTTTATACCAACACTTATTT","Animalia","Arthropoda","Insecta","Coleoptera",NA,NA,NA
"CCTCAACAATATCAGTTTTTGGCTGCTAGTTCCTGCTTTCATCCTGCTTATGGGATCAGCTTTTGTTGACGTCGGACCTGGTACAGGTTGGACGCTCTACCCTCCTTTAAGTAGTATTAGTGGACACCCAGGGGCAGCTGTTGATATGGCTATTTTTAGCTTGCATTTAATGGGTCTTTCATCAATCCTCGGCTCAATCAACTTAATCGTTACCATCTTTAATATGAGAGCACCAGGAATGGGATTATTTAAAATGCCATTATTTGTTTGGTCTATTTTAGTTACTGCATTCTTGATAATTTTAGCTATGCCGGTACTTGGCGGAGCTATTACTATGCTACTTACCGATCGTAATTTCGGCACTACTTTCTTTAAAACAGATGGTGGCGGTGACCCTGTATTATTTCAGCATTTATTT","Animalia","Arthropoda","Insecta","Coleoptera",NA,NA,NA
"AATAAATAACATAAGATTTTGATTATTGCCACCCTCATTAATTCTCCTTCTAAGAAGAAGAATAATTGAAAGAGGTGCAGGAACAGGATGAACTGTATATCCTCCTTTATCTTCAAATATTACACATAGAGGTTCTTCTGTTGATCTAACAATTTTTAGATTACATTTAGCAGGAATTTCATCTATTCTAGGTGCTGTAAATTTTATTTCTACAATTATTAATATACGAACTATGATAATAAAATTTGATCAATTAACTTTATTTATTTGATCTGTCAATATTACAGCTTTATTACTTTTATTATCCCTTCCTGTCTTAGCAGGAGCAATTACAATACTATTAACCGATCGAAATTTAAATACTTCATTTTTTGATCCAATTGGAGGAGGAGATCCAATTCTTTATCAACATTTATTT","Animalia","Arthropoda","Insecta","Coleoptera",NA,NA,NA
"TATGAATAATTTAAGTTTTTGGTTGTTAGTGTCATCTTTTATTTTGCTCATTCTCTCAGTGTTTATTGGTGAAGGTCCAGGTACAGGTTGGACTTTATATCCACCTTTATCACAGGTAATGTCCCATCCAAGTGCAGGAGTTGACATTGCTATACTTGCACTTCATGTTGCTGGTATGTCGTCAATTGTTGGGGCGATCAACTTTATAGTTACTATATTTAACATGCGCACAAAAGGCATGTCATTAACTAAGATGCCACTGTTTGTTTGGTCTGTCTTGCTAACAGCATTTATGTTGATTGTTGCTTTACCAGTGCTTGCCGGTGCTATAACTATGCTTCTTACTGATCGCAATGTTGGTACTTCCTTTTTTGATCCTGCCGGTGGCGGAGATCCTGTGTTATTTCAACATCTATTT","Animalia","Arthropoda","Insecta","Coleoptera",NA,NA,NA
"AATAAATAATATAAGATTCTGATTATTACCGCCTTCACTAACCCTTCTTCTAATAAGAAGAATAGTAGAAAACGGGGCAGGAACTGGATGAACAGTTTACCCCCCTCTGTCATCAAATATTGCACATGGAGGCTCTTCTGTAGATTTAGCAATTTTTAGACTACACCTGGCAGGAATTTCCTCAATTCTAGGAGCAGTAAACTTTATCACTACGGTAATTAACATACGCCCAGCAGGGATAACCCTAGATCGGGTACCCCTATTTGTTTGAGCCGTAGTAATTACAGCCCTACTCCTTCTTCTCTCCCTTCCTGTTCTAGCAGGAGCTATTACCATGTTACTCACTGATCGAAATCTAAATACCTCATTCTTCGACCCAGCAGGGGGAGGGGACCCTATCTTATACCAACACCTATTT","Animalia","Arthropoda","Insecta","Coleoptera",NA,NA,NA
"TATAAACAATATAAGATTCTGATTCCTTCCCCCTTCTCTATCTCTTCTGTTAATAAGAAGAATTACTGATAAAGGAGTTGGTACAGGATGAACTGTTTACCCACCTCTATCATCCAATATTGCTCATGAAGGAGCCTCTGTAGATCTAGGAATTTTTAGACTCCATATAGCTGGAATCTCTTCAATTTTAGGGGCAATAAATTTTATTTCAACAATTAGAAATATACACCCCTCTGGAATAAAAACAGATCGACTTCCCCTATTTGTTTGAGCCGTAGAAATTACAGCTATCCTTTTATTACTTTCATTACCTGTTCTCGCAGGAGCTATTACAATATTATTAACTGATCGTAATATTAATACTTCATTTTTTGACCCAGCTGGAGGGGGGGACCCAATCTTATACCAACACTTATTT","Animalia","Arthropoda","Insecta","Coleoptera","Elateridae","","CPBC0013"
