"OTU","sequence","Kingdom","Phylum","Class","Order","Family","Genus","Species","T11","T4","T9"
"OTU000001","AATAAACAACATAAGATTTTGATTGCTGCCCCCATCAATTAGCTTATTGATTCTGAGAAGAATTGTTGAAAGAGGAGCAGGGACAGGTTGAACTGTTTATCCACCTCTATCTTCTAACATTGCCCATGGAGGATCATCTGTTGATTTAGCCATTTTTAGACTTCATTTAGCAGGTATTTCATCAATTTTAGGAGCAGTTAATTTTATTTCTACAGTTATTAATATACGTCCTAGAGGATTAACTTTAGATCGAATACCTCTATTTGTATGAGCAGTAGCTATTACAGCTCTTCTTCTTCTTCTTTCACTCCCAGTTCTTGCAGGAGCAATCACAATACTTCTAACTGATCGTAACATTAATACAACTTTTTTTGACCCTGCGGGAGGAGGAGATCCAATTCTTTATCAACATTTATTT","Animalia","Arthropoda","Insecta","Coleoptera",NA,NA,NA,"0","0","56"
"OTU000002","AATAAACAATATAAGATTCTGACTTCTTCCCCCTTCTCTTACTCTCCTTTTAATAAGAAGAATAGTAGAAAGTGGAGCCGGAACAGGATGAACAGTGTACCCCCCACTATCATCAAATATTGCTCATGGTGGATCTTCTGTAGATTTAGCTATTTTTAGACTTCATTTAGCAGGTATTTCATCAATTCTTGGAGCCGTAAATTTTATTTCTACAATTATTAATATACGATCTCCAGGAATAACTTTTGACCAAATACCTTTATTTGTGTGATCAGTTGGAATTACAGCTTTACTTTTACTTTTATCTTTACCTGTATTAGCAGGAGCTATTACAATATTATTAACAGATCGAAATTTAAATACCTCATTTTTTGATCCTGCTGGAGGAGGAGATCCAATTTTATATCAACATTTATTT","Animalia","Arthropoda","Insecta","Coleoptera","Staphylinidae","","CPBC0018","0","106","0"
"OTU000003","AATAAACAATATAAGATTCTGACTTTTACCCCCTTCTCTTAGATTATTAATTATAAGAAGAATTGTAGAAAATGGGGCAGGAACTGGCTGGACTGTTTACCCACCTTTAGCTTCAAATATTGCCCATAGAGGCTCTTCTGTAGATCTGGCAATTTTTAGTTTACATTTAGCCGGGGTCTCTTCTATTTTAGGGGCAGTTAATTTTATTACAACTGTAATTAATATGCGCCCAATGGGTATAAGATTTGACCGTATACCTTTATTTGTTTGGGCCGTAGTAATCACCGCTGTTTTATTACTTCTCTCCCTACCTGTTTTAGCCGGAGCAATCACAATACTATTAACTGATCGTAATTTAAATACTTCATTTTTTGACCCTGCTGGAGGGGGGGATCCTATTCTTTACCAACATTTATTT","Animalia","Arthropoda","Insecta","Coleoptera","Salpingidae","","CPBC0065","24","0","0"
"OTU000004","AATAAACAATATAAGATTCTGGCTTTTACCCCCTTCTCTTAGATTATTAATTATAAGAAGAATTGTAGAAAATGGGGCAGGAACTGGTTGAACTGTTTACCCGCCTTTAGCTTCAAATATTGCCCATAGAGGCTCTTCTGTAGATCTGGCAATTTTTAGTTTACATTTAGCCGGGGTTTCTTCTATTTTAGGGGCAGTTAATTTTATTACAACTGTAATTAATATGCGCCCAATGGGTATAAGATTTGACCGTATGCCTTTATTTGTTTGAGCTGTAGTAATCACCGCTGTTTTATTACTCCTCTCCCTACCTGTTTTAGCTGGAGCAATCACAATACTATTAACTGATCGTAATTTAAATACTTCATTTTTTGATCCTGCTGGAGGGGGGGATCCTATTCTTTACCAACATTTATTT","Animalia","Arthropoda","Insecta","Coleoptera","Salpingidae","","CPBC0065","84","0","0"
"OTU000005","AATAAACAATATGAGATTCTGATTATTACCCCCTTCTCTTAGTCTTCTTTTAATAAGAAGAATTGTAGAGAATGGAGCAGGGACTGGATGAACAGTATACCCACCATTAGCTGCTAATATTGCACATAGAGGATCTTCAGTAGATCTTGCTATTTTTAGACTTCACTTAGCAGGAATTTCTTCAATTTTAGGTGCTGTCAATTTCATTTCTACAGTTATTAATATACGACCCAGAGGTATAAGATTAGATCGTTTACCTTTATTTGCATGAGCTGTAGTAATTACAGCTATTCTTTTATTATTATCCCTCCCAGTATTAGCAGGAGCAATTACAATACTTCTTACAGATCGAAATTTAAATACCACATTTTTTGACCCAGCAGGAGGAGGAGACCCTATTTTATATCAACATTTATTT","Animalia","Arthropoda","Insecta","Coleoptera","Chrysomelidae","","CPBC0045","0","0","78"
"OTU000006","AATAAATAACATAAGATTTTGATTATTGCCACCCTCATTAATTCTCCTTCTAAGAAGAAGAATAATTGAAAGAGGTGCAGGAACAGGATGAACTGTATATCCTCCTTTATCTTCAAATATTACACATAGAGGTTCTTCTGTTGATCTAACAATTTTTAGATTACATTTAGCAGGAATTTCATCTATTCTAGGTGCTGTAAATTTTATTTCTACAATTATTAATATACGAACTATGATAATAAAATTTGATCAATTAACTTTATTTATTTGATCTGTCAATATTACAGCTTTATTACTTTTATTATCCCTTCCTGTCTTAGCAGGAGCAATTACAATACTATTAACCGATCGAAATTTAAATACTTCATTTTTTGATCCAATTGGAGGAGGAGATCCAATTCTTTATCAACATTTATTT","Animalia","Arthropoda","Insecta","Coleoptera",NA,NA,NA,"12","0","0"
"OTU000007","AATAAATAATATAAGATTCTGACTTTTACCCCCTTCTCTTAGATTATTAATTATAAGAAGAATTGTAGAAAATGGGGCAGGAACTGGTTGGACTGTTTACCCACCTTTAGCTTCAAATATTGCCCATAGAGGCTCTTCTGTAGATCTGGCAATTTTTAGTTTACATTTAGCCGGGGTTTCTTCTATTTTAGGGGCAGTTAATTTTATTACAACTGTAATTAATATGCGCCCAATGGGTATAAGATTTGACCGTATACCTTTATTTGTTTGAGCTGTAGTAATCACCGCTGTTTTATTACTTCTCTCCCTACCTGTTTTAGCTGGAGCAATCACAATACTATTAACTGATCGTAATTTAAATACTTCATTTTTTGATCCTGCTGGAGGGGGAGATCCCATTCTTTACCAACATTTATTT","Animalia","Arthropoda","Insecta","Coleoptera","Salpingidae","","CPBC0065","51","0","0"
"OTU000008","AATAAATAATATAAGATTCTGATTATTACCGCCTTCACTAACCCTTCTTCTAATAAGAAGAATAGTAGAAAACGGGGCAGGAACTGGATGAACAGTTTACCCCCCTCTGTCATCAAATATTGCACATGGAGGCTCTTCTGTAGATTTAGCAATTTTTAGACTACACCTGGCAGGAATTTCCTCAATTCTAGGAGCAGTAAACTTTATCACTACGGTAATTAACATACGCCCAGCAGGGATAACCCTAGATCGGGTACCCCTATTTGTTTGAGCCGTAGTAATTACAGCCCTACTCCTTCTTCTCTCCCTTCCTGTTCTAGCAGGAGCTATTACCATGTTACTCACTGATCGAAATCTAAATACCTCATTCTTCGACCCAGCAGGGGGAGGGGACCCTATCTTATACCAACACCTATTT","Animalia","Arthropoda","Insecta","Coleoptera",NA,NA,NA,"4","0","0"
"OTU000009","AATAAATAATATAAGATTCTGATTATTACCGCCTTCACTAACCCTTCTTCTAATAAGAAGAATCGTAGAAAACGGAGCAGGAACTGGATGAACTGTGTACCCCCCCCTATCATCAAACATCGCCCACGGAGGATCATCAGTAGACCTTGCAATTTTCAGATTACATCTTGCAGGAATCTCCTCAATTCTGGGAGCAGTAAACTTCATTACAACGGTAATTAACATACGACCACAAGGAATATCATTTGACCGAATACCTTTATTTGTATGAGCAGTAGTAATTACAGCAGTTCTACTACTACTATCCCTTCCTGTCCTAGCAGGAGCTATCACAATACTCCTTACCGACCGGAATATTAATACTTCATTCTTTGACCCTGCTGGAGGGGGAGACCCCATTCTATACCAACATCTATTC","Animalia","Arthropoda","Insecta","Coleoptera","Tenebrionidae","",NA,"492","0","0"
"OTU000010","AATAAATAATATAAGATTCTGATTATTACCTCCTTCATTAACTTTATTAATTTCTAGAAGAATTGTAGAAAATGGAGCTGGAACAGGATGAACAGTATACCCCCCACTTTCATCTAATATTGCTCATGGAGGAAGATCAGTTGATTTAGCTATTTTTTCTCTTCATTTAGCTGGTATTTCTTCTATTTTAGGAGCAATTAATTTCATCACTACTATTATTAATATACGTATTAATGGATTATCTTTTGATCAAATACCTTTATTTGTATGATCTGTAGGAATTACTGCTTTATTACTATTACTTTCTTTACCAGTTTTAGCAGGAGCTATTACTATATTACTCACAGATCGAAATTTAAATACCTCATTTTTCGATCCAGCAGGAGGAGGAGATCCTATTCTTTATCAACATTTATTT","Animalia","Arthropoda","Insecta","Coleoptera",NA,NA,NA,"0","19","0"
"OTU000011","AATAAATAATATAAGATTTTGACTCCTACCACCTTCACTAAGATTATTATTATTAAGAAGATTAGTAGAAAGTGGGGCTGGAACTGGATGAACTGTTTACCCTCCTTTAGCTGCAAATATTGCCCATAGAGGGTCATCAGTAGATTTAGCAATTTTTAGACTACATTTAGCTGGGATTTCATCTATTCTTGGAGCAGTAAATTTTATTACAACTGTAATTAATATGCGACCTCAAGGCATAAAAATAGACCGAATACCATTATTCTCTTGAGCAGTTGTAATTACAGCTATTCTCTTATTACTTTCTTTACCTGTTTTAGCGGGGGCTATTACAATATTACTTACTGATCGAAATTTAAATACATCATTTTTCGACCCTGCTGGAGGAGGAGATCCAATTCTTTACCAACACTTATTT","Animalia","Arthropoda","Insecta","Coleoptera","Chrysomelidae","","CPBC0209","0","0","25"
"OTU000012","AATAAATAATATAAGATTTTGACTCCTACCACCTTCACTAAGATTATTATTATTAAGAAGATTAGTAGAAAGTGGGGCTGGAACTGGGTGAACTGTTTACCCTCCCTTAGCTGCAAATATTGCCCATAGAGGGTCATCAGTAGATTTAGCAATTTTTAGACTACATTTAGCTGGAATTTCATCTATTCTTGGAGCAGTAAATTTTATTACAACTGTAATTAATATGCGACCTCAGGGCATAAGAATAGACCGAATACCATTATTCTCTTGAGCAGTTGTAATTACAGCTATTCTCTTATTACTTTCTTTACCTGTTTTAGCGGGGGCTATTACAATATTACTTACTGATCGAAATTTAAATACATCATTTTTCGACCCTGCTGGAGGAGGAGATCCAATTCTTTACCAACACTTATTT","Animalia","Arthropoda","Insecta","Coleoptera","Chrysomelidae","","CPBC0209","0","0","53"
"OTU000013","AATAAATAATATAAGATTTTGACTCCTACCACCTTCACTAAGATTATTATTATTAAGAAGATTAGTAGAAAGTGGGGCTGGAACTGGGTGAACTGTTTACCCTCCTTTAGCTGCAAATATTGCCCATAGAGGATCATCAGTAGATTTAGCAATTTTTAGACTACATTTAGCTGGAATTTCATCTATTCTTGGAGCAGTAAATTTTATTACAACTGTAATTAATATGCGACCTCAGGGCATAAGAATAGACCGAATACCATTATTCTCTTGAGCAGTTGTAATTACAGCTATTCTCTTATTACTTTCTTTACCTGTTTTAGCGGGGGCTATTACAATATTACTTACTGATCGAAATTTAAATACATCATTTTTCGACCCTGCTGGAGGAGGAGATCCAATTCTTTACCAACACTTATTT","Animalia","Arthropoda","Insecta","Coleoptera","Chrysomelidae","","CPBC0209","0","90","0"
"OTU000014","AATAAATAATATAAGATTTTGACTCCTACCACCTTCACTAAGATTATTATTATTAAGAAGATTAGTAGAAAGTGGGGCTGGAACTGGGTGAACTGTTTACCCTCCTTTAGCTGCAAATATTGCCCATAGAGGGTCATCAGTAGATTTAGCAATTTTTAGATTACATTTAGCTGGGATTTCATCTATTCTTGGAGCAGTAAATTTTATTACAACTGTAATTAATATGCGACCTCAGGGCATAAGAATAGACCGAATACCATTATTCTCTTGAGCAGTTGTAATTACAGCTATTCTCTTATTACTTTCTTTACCTGTTTTAGCGGGGGCTATTACAATATTACTTACTGATCGAAATTTAAATACATCATTTTTCGACCCTGCTGGAGGAGGAGATCCAATTCTTTACCAACACTTATTT","Animalia","Arthropoda","Insecta","Coleoptera","Chrysomelidae","","CPBC0209","0","79","0"
"OTU000015","AATAAATAATATAAGATTTTGACTCCTACCACCTTCACTAAGATTATTATTATTAAGAAGATTAGTAGAAAGTGGGGCTGGAACTGGGTGAACTGTTTACCCTCCTTTAGCTGCAAATATTGCCCATAGAGGGTCATCAGTAGATTTAGCAATTTTTAGGCTACATTTAGCTGGGATTTCATCTATTCTTGGAGCAGTAAATTTTATTACAACTGTAATTAATATGCGACCTCAGGGCATAAGAATAGACCGAATACCATTATTCTCTTGAGCAGTTGTAATTACAGCTATTCTCTTATTACTTTCTTTACCTGTTTTAGCAGGGGCTATTACAATATTACTTACTGATCGAAATTTAAATACATCATTTTTCGACCCTGCTGGAGGAGGAGATCCAATTCTTTACCAACACTTATTT","Animalia","Arthropoda","Insecta","Coleoptera","Chrysomelidae","","CPBC0209","0","0","56"
"OTU000016","AATAAATAATATAAGATTTTGACTTCTACCACCTTCACTAAGATTATTATTATTAAGAAGATTAGTAGAAAGTGGGGCTGGAACTGGATGAACTGTTTACCCCCCTTTAGCTGCAAATATTGCTCATAGAGGGTCATCAGTAGATTTAGCAATTTTTAGATTACATTTAGCTGGGATTTCATCTATTCTTGGGGCAGTAAATTTTATTACAACCGTAATTAATATACGACCCCAAGGTATAAGAATAGACCGAATACCACTATTCTCTTGAGCAGTTGTAATTACAGCTATTCTCTTATTACTTTCTTTACCTGTTTTAGCAGGGGCTATTACAATATTACTTACTGATCGAAATTTAAATACATCATTTTTCGACCCTGCTGGAGGAGGGGATCCAATTCTTTACCAACACTTGTTC","Animalia","Arthropoda","Insecta","Coleoptera","Chrysomelidae","","CPBC0029","0","0","60"
"OTU000017","AATAAATAATATAAGATTTTGACTTCTACCACCTTCACTAAGATTATTATTATTAAGAAGATTAGTAGAAAGTGGGGCTGGGACTGGATGAACTGTTTACCCCCCTTTAGCTGCAAATATTGCCCATAGAGGGTCATCAGTAGATTTAGCAATTTTTAGATTACATTTAGCTGGGATTTCATCTATTCTTGGGGCAGTAAATTTTATTACAACCGTAATTAATATGCGACCCCAAGGTATAAGAATAGACCGAATACCACTATTCTCTTGAGCAGTTGTAATTACAGCCATTCTCTTATTACTTTCTTTACCTGTTTTAGCAGGGGCTATTACAATATTACTTACTGATCGAAATTTAAATACATCATTTTTTGACCCTGCTGGAGGAGGAGATCCAATTCTTTACCAACACTTGTTC","Animalia","Arthropoda","Insecta","Coleoptera",NA,NA,NA,"0","0","35"
"OTU000018","AATAAATAATATAAGATTTTGACTTCTACCACCTTCACTAAGATTATTATTATTAAGAAGATTAGTAGAAAGTGGGGCTGGGACTGGATGAACTGTTTACCCCCCTTTAGCTGCAAATATTGCCCATAGAGGGTCATCAGTAGATTTAGCAATTTTTAGATTACATTTAGCTGGGATTTCATCTATTCTTGGGGCAGTAAATTTTATTACAACCGTAATTAATATGCGACCCCAAGGTATAAGAATAGACCGAATACCACTATTCTCTTGAGCAGTTGTAATTACAGCTATTCTCTTATTACTTTCTTTACCTGTTTTAGCAGGGGCTATTACAATATTACTTACTGATCGAAATTTAAATACATCATTTTTCGACCCTGCTGGAGGAGGAGATCCAATTCTTTACCAACACTTATTC","Animalia","Arthropoda","Insecta","Coleoptera","family","","CPBC0225","0","0","165"
"OTU000019","AATAAATAATATAAGATTTTGACTTCTACCACCTTCACTAAGATTATTATTATTAAGAAGATTAGTAGAAAGTGGGGCTGGGACTGGATGAACTGTTTACCCCCCTTTAGCTGCAAATATTGCCCATAGAGGGTCATCAGTAGATTTAGCAATTTTTAGATTACATTTAGCTGGGATTTCATCTATTCTTGGGGCAGTAAATTTTATTACAACCGTAATTAATATGCGACCCCAAGGTATAAGAATAGATCGAATACCACTATTCTCTTGAGCAGTTGTAATTACAGCTATTCTCTTATTACTTTCTTTACCTGTTTTAGCAGGGGCTATTACAATATTACTTACTGATCGAAATTTAAATACATCATTTTTCGACCCTGCTGGAGGAGGAGATCCAATTCTTTACCAACACTTGTTC","Animalia","Arthropoda","Insecta","Coleoptera",NA,NA,NA,"0","0","34"
"OTU000020","AATAAATAATATAAGATTTTGACTTCTACCACCTTCACTAAGATTATTATTATTAAGAAGATTAGTAGAAAGTGGGGCTGGGACTGGATGAACTGTTTACCCCCCTTTAGCTGCAAATATTGCCCATAGGGGGTCATCAGTAGATTTAGCAATTTTTAGATTACATTTAGCTGGAATTTCATCTATTCTTGGGGCAGTAAATTTTATTACAACCGTAATTAATATGCGACCCCAAGGTATAAGAATAGACCGAATACCACTATTCTCTTGAGCAGTTGTAATTACAGCCATTCTCTTATTACTTTCTTTACCTGTTTTAGCAGGAGCTATTACAATATTACTTACTGATCGAAATTTAAATACATCATTTTTCGACCCTGCTGGAGGAGGAGATCCAATTCTTTACCAACACTTGTTC","Animalia","Arthropoda","Insecta","Coleoptera","family","","CPBC0226","0","0","79"
"OTU000021","AATAAATAATATAAGATTTTGACTTCTACCACCTTCACTAAGATTATTATTATTAAGAAGATTAGTAGAAAGTGGGGCTGGGACTGGATGAACTGTTTACCCCCCTTTAGCTGCAAATATTGCTCATAGAGGGTCATCAGTAGATTTAGCAATTTTTAGATTACATTTAGCTGGGATTTCATCTATTCTTGGGGCAGTAAATTTTATTACAACCGTAATTAATATACGACCCCAAGGTATAAGAATAGACCGAATACCACTATTCTCTTGAGCAGTTGTAATTACAGCTATTCTCTTATTACTTTCTTTACCTGTTTTAGCAGGGGCTATTACAATATTACTTACTGATCGAAATTTAAATACATCATTTTTCGACCCTGCTGGAGGAGGGGATCCAATTCTTTACCAACACTTATTC","Animalia","Arthropoda","Insecta","Coleoptera","Chrysomelidae","","CPBC0029","0","0","64"
"OTU000022","AATAAATAATATAAGATTTTGACTTCTACCACCTTCACTAAGATTATTATTATTAAGAAGATTAGTAGAAAGTGGGGCTGGGACTGGATGAACTGTTTATCCCCCTTTAGCTGCAAATATTGCCCATAGAGGGTCATCAGTAGATTTAGCAATTTTTAGATTGCATTTAGCTGGGATTTCATCTATTCTTGGAGCAGTAAATTTTATTACAACCGTAATTAATATACGACCCCAAGGTATAAGAATAGACCGAATACCACTATTCTCTTGAGCAGTTGTAATTACAGCTATTCTCTTATTACTTTCTTTACCTGTTTTAGCAGGAGCTATTACAATATTACTTACTGATCGAAATTTAAATACATCATTTTTCGACCCTGCTGGAGGGGGAGATCCAATTCTTTACCAACACTTGTTC","Animalia","Arthropoda","Insecta","Coleoptera","Chrysomelidae","","CPBC0210","0","0","26"
"OTU000023","AATAAATAATATAAGATTTTGACTTCTACCACCTTCACTAAGATTATTATTATTAAGAAGATTAGTAGAAAGTGGGGCTGGGACTGGATGAACTGTTTATCCCCCTTTAGCTGCTAATATTGCCCATAGAGGGTCATCAGTAGATTTAGCAATTTTTAGATTGCATTTAGCTGGAATTTCATCTATTCTTGGAGCAGTAAATTTTATTACAACCGTAATTAATATGCGACCCCAAGGTATAAGAATAGACCGAATACCACTATTCTCTTGAGCAGTTGTAATTACAGCTATTCTCTTATTACTTTCTTTACCTGTTTTAGCAGGGGCTATTACAATATTACTTACTGATCGAAATTTAAATACATCATTTTTCGACCCTGCTGGAGGGGGAGATCCAATTCTTTACCAACACTTGTTC","Animalia","Arthropoda","Insecta","Coleoptera","Chrysomelidae","","CPBC0210","0","50","0"
"OTU000024","AATAAATAATATAAGATTTTGACTTTTACCCCCTTCCTTGTTATTTCTACTAATAAGAAGATTAACAGAAAGAGGAGCGGGTACAGGATGAACTGTTTACCCTCCTCTTTCAGCTAATATTGCCCATAGAGGGTCTTCAGTAGATTTGGCTATTTTTAGACTTCATTTAGCTGGAATTTCCTCAATTTTAGGAGCAATTAATTTCATTTCTACAGTTATTAATATACGACCAAAAGGAATAAGACTTGACCGTTTACCCTTATTTGTATGGGCGGTAGTAATTACAGCTATTTTACTTTTACTATCTCTCCCTGTTTTAGCAGGAGCGATTACAATATTATTAACCGATCGAAATTTGAATACCTCCTTTTTTGACCCTGCTGGAGGAGGAGATCCAATTCTGTACCAACACTTATTT","Animalia","Arthropoda","Insecta","Coleoptera",NA,NA,NA,"0","22","0"
"OTU000025","AATAAATAATATAAGATTTTGATTACTCCCACCATCACTTTCTTTATTATTAATAAGAAGAATGGTAGAAAACGGTGCTGGTACTGGTTGAACGGTTTACCCACCTCTATCTGCCAACATTGCCCATGGGGGATCATCTGTAGACCTAGCAATCTTCAGACTTCATTTGGCAGGTGTATCTTCAATCTTGGGGGCAATCAATTTTATTTCTACCATATTAAATATGCGCCCAGCCGGAATAACCTTAGATCGAATACCCCTGTTTGCCTGAGCAATCGCAATTACGGCAATTCTTCTTCTTCTTTCTCTACCAGTTTTAGCAGGAGCTATTACTATATTACTTACAGACCGAAATTTAAATACATCTTTCTTTGACCCAGCTGGAGGAGGAGACCCCATTCTTTACCAACACCTTTTT","Animalia","Arthropoda","Insecta","Coleoptera","Mordellidae","","CPBC0106","0","397","0"
"OTU000026","AATAAATAATATAAGATTTTGATTACTTCCCCCCTCTTTAAGCCTTCTTTTAATAAGAAGAATAGTAGAAAGAGGAGCTGGAACAGGATGAACAGTTTACCCTCCCCTTTCATCAAATATTGCTCATGGGGGAGCTTCTGTAGATCTCGCTATTTTTAGATTACACTTAGCGGGGATTTCTTCTATTTTAGGAGCTGTAAATTTTATTACTACAATTATTAATATGCGAGCCACAGGAATATCATATGAACGAATACCTCTTTTTGTATGATCCGTAGCTATTACAGCTTTATTGTTACTGCTTTCCTTACCTGTTTTAGCAGGAGCAATTACAATACTATTAACAGACCGAAATTTAAATACTTCTTTTTTTGACCCAGCTGGTGGGGGAGATCCAATTTTATACCAGCATTTATTT","Animalia","Arthropoda","Insecta","Coleoptera","Staphylinidae","",NA,"0","0","43"
"OTU000027","AATAAATAATATAAGATTTTGATTATTACCTCCTTCTTTAACATTATTATTAATAAGAAGAATAGTAGAAAGAGGGGCAGGAACTGGTTGAACAGTATACCCCCCTTTATCTGCTAATATCGCTCATGGGGGATCTTCTGTAGATTTAGCAATTTTTAGTTTACATTTAGCAGGTATTTCTTCTATTCTTGGAGCAGTAAATTTTATTACTACAGTTATTAATATACGCCCAGAAGGGATAACCTTAGATCGAATACCCTTGTTTGTTTGAGCTGTAGCCATTACTGCTTTACTTTTATTACTATCTTTACCAGTATTAGCAGGAGCTATTACTATACTTTTAACAGACCGAAATTTCAATACTTCTTTTTTTGACCCGGCAGGTGGGGGTGACCCAATTCTCTATCAACATTTATTT","Animalia","Arthropoda","Insecta","Coleoptera",NA,NA,NA,"0","218","0"
"OTU000028","AATAAATAATATAAGTTTCTGAATATTACCCCCCTCTCTCTCACTACTTTTAACAAGCAGAATAGTTGATAACGGAGCAGGAACAGGATGAACAGTTTATCCCCCCTTATCAAGAGGAATCGCCCATGGGGGAGCTTCCGTTGATTTGGCTATCTTTTCTTTACATTTAGCTGGTATCTCCTCAATTTTAGGAGCTGTAAATTTTATTACTACAGTAATTAATATACGTTCTTCAGGAATTACTTTAGATCGTTTACCTTTATTTGTTTGATCAGTAGTAATTACAGCTATTTTATTACTTCTATCTCTTCCAGTTCTGGCAGGAGCTATTACTATATTATTAACAGATCGAAATTTAAATACTTCTTTCTTTGACCCAGCGGGGGGTGGAGATCCTATTCTCTACCAACATTTATTT","Animalia","Arthropoda","Insecta","Coleoptera",NA,NA,NA,"0","0","34"
"OTU000029","AATAAATAATATAAGTTTCTGACTACTGCCTCCATCTCTTACCCTTCTTCTAATAAGCAGTATAGTTGAAAGAGGTGCGGGCACAGGATGAACTGTGTACCCTCCCCTTTCATCAGGAATTGCTCATGCAGGTGCATCTGTTGATTTAGCTATTTTTAGATTACATTTAGCAGGAATTTCTTCTATTTTAGGAGCTGTAAATTTTATTACTACAATTATTAATATACGTTCTGTGGGAATAACATTTGATCGTATACCTTTATTTGTATGATCAGTAGGAATTACAGCTTTATTATTATTACTTTCATTACCTGTATTAGCTGGGGCTATTACAATATTATTAACTGATCGAAATTTAAATACTTCATTTTTTGATCCTGCAGGAGGAGGAGACCCTATTTTATATCAACATCTATTT","Animalia","Arthropoda","Insecta","Coleoptera","Carabidae","",NA,"20","0","0"
"OTU000030","AATAAATAATATAAGTTTTTGATTACTTCCCCCATCATTAACACTATTATTAGCCGGAGGATTAGTAGAAAGAGGTGCAGGGACCGGATGAACAGTTTACCCACCATTAGCCTCAGGTATTGCTCATGCAGGTGCTTCAGTTGATCTCTCAATTTTTAGCTTACATTTAGCAGGTGCATCATCAATTCTAGGAGCTGTCAACTTTATCACAACAATTATTAATATACGATCTCCTGGAATATCTTGAGACCAGACGCCATTATTTGTTTGATCTGTATTTCTAACCGCTATTTTATTACTTTTATCCCTGCCCGTATTAGCCGGTGCTATTACTATATTATTAACAGATCGAAACTTAAATACCACTTTTTTTGACCCTGCGGGAGGTGGAGACCCTATTTTATACCAACACTTATTT","Animalia","Arthropoda","Insecta","Coleoptera",NA,NA,NA,"0","0","33"
"OTU000031","AATAAATAATATAAGTTTTTGATTACTTCCCCCATCATTAACACTATTATTAGCCGGAGGATTAGTAGAAAGAGGTGCAGGGACCGGATGAACAGTTTACCCACCATTAGCCTCAGGTATTGCTCATGCAGGTGCTTCAGTTGATCTCTCAATTTTTAGCTTACATTTAGCAGGTGCATCATCAATTCTAGGAGCTGTCAACTTTATCACAACAATTATTAATATACGATCTCCTGGAATATCTTGAGACCAGACGCCATTATTTGTTTGATCTGTATTTCTAACCGCTATTTTGTTACTTTTATCCCTGCCCGTATTAGCCGGTGCTATTACTATATTATTAACAGATCGAAACTTAAATACCACTTTTTTTGACCCTGCGGGAGGTGGAGACCCTATTTTATACCAACACTTATTT","Animalia","Arthropoda","Insecta","Coleoptera",NA,NA,NA,"21","0","0"
"OTU000032","AATAAATAATATAAGTTTTTGATTACTTCCCCCATCATTAACACTATTATTAGCCGGAGGATTAGTAGAAAGAGGTGCAGGGACCGGATGAACAGTTTACCCGCCATTGGCCTCAGGTATTGCTCATGCAGGTGCTTCAGTTGATCTCTCAATTTTTAGCTTACATTTAGCAGGCGCATCATCAATTCTAGGAGCTGTCAACTTTATCACAACAATTATTAATATACGATCTCCTGGAATATCCTGAGACCAGACGCCATTATTTGTTTGATCTGTATTTCTAACCGCTATTTTGTTACTTTTATCCCTGCCCGTATTAGCCGGTGCTATTACTATATTATTAACAGATCGAAACTTAAATACCACTTTTTTTGACCCTGCGGGAGGTGGAGACCCTATTTTATACCAACACTTATTT","Animalia","Arthropoda","Insecta","Coleoptera",NA,NA,NA,"0","0","16"
"OTU000033","AATAAATAATATAAGTTTTTGATTACTTCCCCCATCATTAACACTATTATTAGCCGGAGGATTAGTAGAAAGAGGTGCAGGGACCGGATGAACAGTTTACCCGCCATTGGCCTCAGGTATTGCTCATGCAGGTGCTTCAGTTGATCTCTCAATTTTTAGCTTACATTTAGCAGGCGCATCATCAATTCTAGGAGCTGTCAACTTTATCACAACAATTATTAATATACGATCTCCTGGAATATCCTGAGACCAGACGCCATTATTTGTTTGATCTGTGTTTCTAACCGCTATTTTGTTACTTTTATCCCTGCCCGTATTAGCCGGTGCTATTACTATATTATTAACAGATCGAAACTTAAATACCACTTTTTTTGACCCTGCGGGAGGTGGAGACCCTATTTTATACCAACACTTATTT","Animalia","Arthropoda","Insecta","Coleoptera",NA,NA,NA,"22","0","0"
"OTU000034","AATAAATAATATAAGTTTTTGATTACTTCCCCCATCATTAACACTATTATTAGCCGGAGGGTTAGTAGAAAGAGGTGCAGGAACCGGATGAACAGTTTACCCACCATTAGCCTCAGGCATTGCTCACGCAGGTGCTTCAGTTGATCTCTCAATTTTTAGCTTACATTTAGCAGGCGCATCATCAATTCTAGGAGCTGTCAACTTTATCACAACAATTATTAATATACGATCTCCTGGAATATCATGAGACCAGACACCATTATTTGTTTGATCTGTATTTCTAACCGCTATCTTGTTACTTTTATCTCTGCCAGTATTAGCCGGTGCTATTACTATATTATTAACAGATCGAAACTTAAATACCACTTTTTTTGACCCTGCGGGAGGTGGGGACCCTATTTTATACCAACACTTATTT","Animalia","Arthropoda","Insecta","Coleoptera",NA,NA,NA,"0","32","0"
"OTU000035","AATAAATAATATGAGATTCTGACTTCTTCCTCCTTCATTATTTTTACTAATTATAAGAAGAGTAGTAGAAAGAGGTGCAGGAACTGGCTGAACAGTTTATCCTCCTTTATCATCTAATATTGCCCATGGAGGAGCTTCAGTAGATCTGGCTATTTTTAGTTTACATCTAGCAGGAATTTCATCAATTTTAGGTGCTATTAATTTTATTACTACAGTTATTAATATACGACCCGCAGGAATAACTTTAGATCGAATACCCCTATTTGTTTGAGCAGTTGTAATTACTGCAATTCTACTTCTTTTATCATTACCTGTACTAGCAGGAGCTATTACTATGTTATTAACTGATCGAAATTTAAATACTTCATTTTTTGATCCTGCAGGAGGAGGAGACCCAATTTTATACCAACACTTATTT","Animalia","Arthropoda","Insecta","Coleoptera","Chrysomelidae","","CPBC0084","0","0","17"
"OTU000036","AATAAATAATATGAGATTCTGACTTCTTCCTCCTTCATTATTTTTACTAATTATAAGAAGAGTAGTGGAAAGAGGTGCAGGAACTGGCTGAACAGTTTATCCTCCTTTATCATCTAATATTGCCCATGGAGGAGCTTCAGTAGATCTAGCTATTTTTAGTTTACATCTAGCAGGAATTTCATCAATTTTAGGTGCTATTAATTTTATTACGACAGTTATTAATATACGCCCTGCAGGAATAACTTTAGACCGAATACCTCTATTTGTTTGAGCAGTTGTAATTACTGCAATTCTACTTCTTTTATCATTACCTGTGCTAGCAGGAGCTATTACTATGTTATTAACTGATCGAAATTTAAATACTTCATTTTTTGATCCTGCAGGAGGGGGGGATCCAATTTTATACCAACACTTATTT","Animalia","Arthropoda","Insecta","Coleoptera","Chrysomelidae","","CPBC0084","0","0","37"
"OTU000037","AATAAATAATATGAGATTCTGGCTTCTTCCTCCTTCATTAATTCTTTTAATTATAAGAAGAATTGTTGAAAATGGAGCCGGAACAGGATGAACAGTTTATCCTCCTTTATCAGCTAATATTGCTCATGCTGGCCCTTCAGTAGATTTAGCAATTTTTAGTCTTCATTTAGCAGGAATTTCTTCTATTCTAGGGGCTGTAAATTTTATTACTACAGTTATTAATATACGGCCTAAAGGCATAACATTTGATCGTCTTCCTCTTTTTGTCTGAGCCGTAAAAATTACTGCAATTTTACTTCTTTTATCTCTCCCAGTTCTAGCAGGGGCAATTACAATACTTTTAACTGATCGAAATTTAAATACTTCATTTTTTGACCCTGCAGGAGGAGGAGATCCAATTTTATATCAGCATTTATTT","Animalia","Arthropoda","Insecta","Coleoptera","Cerambycidae","","CPBC0015","0","0","670"
"OTU000038","AATGAATAATTTAAGATTTTGAATATTACCCCCTTCATTATTATTATTAATAATTAGCAATATAATTGAAGGAGGTACAAACACAGGATGAACTCTATACCCACCATTAGCCATAATCAATAATCACAATAATTCATCTATAGATTTAACAATTTTTTCATTACATTTAGCAGGTATTAGATCAATCATAGGATCAATCAATTTTATCTCAACCATTATTAATATAAAACCAAAAATAATAAACTTTGAACATATTCCATTATTTATTTGATCTTTATTAATTACAACTATCCTACTTTTATTATCCCTACCAGTGTTAGCTGGTGGAATTACAATATTATTAACAGACCGTAATATCAATACATCATTTTTTGATCCATCAGGAGGTGGAGATCCCATCTTATTTCAACATTTATTC","Animalia","Arthropoda","Insecta","Coleoptera",NA,NA,NA,"0","71","0"
"OTU000039","ACTTAACAACATAAGTTTTTGACTACTCCCCCCCTCGCTAACCTTCTTATTAATAAGAAGACTAGTAGACAAAGGAGCAGGAACTGGTTGAACAGTTTACCCCCCACTATCCTCAAATGTCTCCCACGAAGGGTCCTCCGTAGATTTAGCAATTTTCAGACTACATATGGCGGGGGTATCCTCAATCTTAGGAGCCATCAACTTCATTTCAACAGTAATCAATATACATCCTAAAGGAATAAAACCAGAACAACTTCCTCTGTTTGTCTGAGCCGTTAAAATTACAGCAGTTCTTCTCCTATTAAGACTACCAGTTCTAGCGGGAGCAATTACAATACTATTAACAGATCGTAACGTAAACACTTCGTTCTTTGACCCGGCAGGAGGGGGAGACCCTATCCTCTACCAACACTTGTTC","Animalia","Arthropoda","Insecta","Coleoptera","Curculionidae","","CPBC0070","167","352","0"
"OTU000040","ACTTAACAACATAAGTTTTTGACTACTCCCCCCCTCGCTAACCTTCTTATTAATAAGAAGACTAGTAGACAAAGGAGCAGGAACTGGTTGAACAGTTTACCCCCCGCTATCCTCAAATGTCTCCCACGAAGGGTCCTCCGTAGATTTAGCAATTTTCAGACTACATATGGCTGGGGTATCCTCAATCTTAGGAGCCATCAACTTCATTTCAACAGTAATCAATATACATCCTAAAGGAATAAAACCAGAACAACTTCCTCTGTTTGTCTGAGCCGTTAAAATTACAGCAGTTCTTCTCCTATTAAGACTACCAGTTCTAGCGGGAGCAATTACAATACTATTAACAGATCGTAACGTAAACACTTCGTTCTTTGACCCGGCAGGAGGGGGAGACCCTATCCTCTACCAACACTTGTTC","Animalia","Arthropoda","Insecta","Coleoptera","Curculionidae","","CPBC0070","0","0","25"
"OTU000041","ATTAAACAACATAAGATTCTGGCTATTACCCCCATCCCTAACATTTTTATTAATAAGAAGACTAGTAGATAAAGGAGCAGGGACTGGATGAACCGTTTATCCTCCATTATCCTCAAATATCTCACATGAAGGGTCCTCAGTTGATTTAGCAATCTTCAGTCTACACATAGCAGGAGTATCCTCAATCCTAGGGGCTATCAACTTTATTTCTACTGTAATCAATATACACCCAAGAGGTATAAAGCCAGAACAACTACCCTTATTTGTATGAGCTGTAAAAATTACAGCAATTTTATTACTTTTAAGACTACCAGTTTTAGCAGGAGCAATTACAATACTCTTAACAGACCGAAACGTAAATACTTCATTTTTCGATCCAGCAGGGGGAGGTGATCCTATTTTATATCAACACCTATTC","Animalia","Arthropoda","Insecta","Coleoptera","Curculionidae","","CPBC0037","0","23","0"
"OTU000042","ATTAAATAATATAAGATTTTGACTATTACCTCCATCTATATCATTACTAATATTAAGATCAATTGTAGATTCAGGTGTAGGGACAGGGTGAACATTATACCCACCCCTATCAACAACTATTGCACATTCTGGATCAAGAGTTGATATATCAATTTTTTCCCTTCACTTAGCAGGAGTGTCATCAATTTTAGGTGCAATTAATTTTATTTCAACAGTATTAAATATACGACCAATAGGGATAAAAATAGACCAAATACCATTATTTGTATGATCTGTTTTAATTACAGCTATTCTCCTTCTAATTTCATTACCAGTTCTAGCTGGTGCAATTACAATACTATTAACAGACCGTAATATTAATACATCATTTTTTGACCCAGCAGGAGGGGGTGATCCAATTCTTTACCAACATCTTTTC","Animalia","Arthropoda","Insecta","Coleoptera",NA,NA,NA,"443","0","0"
"OTU000043","ATTAAATAATATGAGATTTTGATTACTTCCACCATCATTAATATTACTTTTAATAAGAAGTATTATTGATAAAGGTGCAGGAACAGGATGAACTGTATACCCACCCTTATCTACTAATATTGCTCACGAAGGAACTTCTGTAGATTTAGCTATTTTTAGTCTTCACATAGCTGGAATCTCCTCAATTCTTGGAGCAATAAATTTTATTTCTACAGTTATTAATATACGACCATCTGGTATAAACCCAGATCGCATATCTCTATTTATTTGAGCAGTAAAAATTACTGCTATTTTACTTCTTCTATCCTTACCAGTTTTAGCAGGAGCAATTACTATACTATTAACAGACCGAAATATTAATACTTCATTCTTTGACCCAGCAGGAGGGGGAGACCCAATTCTGTACCAACACTTATTT","Animalia","Arthropoda","Insecta","Coleoptera","Curculionidae","","CPBC0097","71","0","0"
"OTU000044","ATTAAATAATATGAGATTTTGATTACTTCCACCATCATTAATATTACTTTTAATAAGAAGTATTATTGATAAAGGTGCAGGAACAGGATGAACTGTATACCCACCCTTATCTACTAATATTGCTCACGAAGGAACTTCTGTAGATTTAGCTATTTTTAGTCTTCACATAGCTGGAATCTCCTCAATTCTTGGGGCAATAAATTTTATTTCTACAGTTATTAATATACGACCATCTGGTATAAACCCAGATCGCATATCTCTATTTATTTGAGCAGTAAAAATTACTGCTATTTTACTTCTTCTATCCTTACCAGTTTTAGCAGGAGCAATTACTATACTATTAACAGACCGAAATATTAATACTTCATTCTTTGACCCAGCAGGAGGGGGAGACCCAATTCTGTACCAACACTTATTT","Animalia","Arthropoda","Insecta","Coleoptera","Curculionidae","","CPBC0097","0","0","54"
"OTU000045","CCTCAACAATATCAGTTTTTGGCTGCTAGTTCCTGCTTTCATCCTGCTTATGGGATCAGCTTTTGTTGACGTCGGACCTGGTACAGGTTGGACGCTCTACCCTCCTTTAAGTAGTATTAGTGGACACCCAGGGGCAGCTGTTGATATGGCTATTTTTAGCTTGCATTTAATGGGTCTTTCATCAATCCTCGGCTCAATCAACTTAATCGTTACCATCTTTAATATGAGAGCACCAGGAATGGGATTATTTAAAATGCCATTATTTGTTTGGTCTATTTTAGTTACTGCATTCTTGATAATTTTAGCTATGCCGGTACTTGGCGGAGCTATTACTATGCTACTTACCGATCGTAATTTCGGCACTACTTTCTTTAAAACAGATGGTGGCGGTGACCCTGTATTATTTCAGCATTTATTT","Animalia","Arthropoda","Insecta","Coleoptera",NA,NA,NA,"0","0","15"
"OTU000046","CCTTAACAACATAAGATTCTGGCTACTGCCCCCATCTCTAAGCTTACTTCTAATAAGAAGAATTATTGATAAAGGAGTAGGTACCGGCTGAACTGTCTACCCGCCTCTTTCAGGAAACATTGCCCATGAGGGTATATCTGTTGATATAGCCATTTTCAGTTTGCACATAGCAGGTATCTCATCAATCATAGGAGCAATAAATTTCATTTCCACAGTAGCTAATATACGCCCAATAGGAATAAAACTAGACCGAACAACCTTATTTATCTGAGCAGTAAAAATTACAGCTATTCTCCTACTTCTATCCCTACCTGTTCTTGCAGGAGCGATTACTATACTTTTAACAGATCGAAACATCAACACCTCCTTTTTTGATCCTGCTGGAGGAGGAGACCCTATTCTCTATCAACACTTATTC","Animalia","Arthropoda","Insecta","Coleoptera","Curculionidae","","CPBC0033","178","0","0"
"OTU000047","CCTTAACAACATAAGATTCTGGCTACTGCCCCCATCTTTAACCTTACTTCTAATAAGAAGAATTATTGATAAAGGAGTAGGTACCGGCTGAACTGTCTACCCGCCTCTTTCAGGAAACATTGCCCATGAAGGCATATCTGTTGATATAGCCATTTTCAGTTTGCACATAGCAGGTATCTCATCAATCATAGGAGCAATAAATTTCATTTCCACAGTAGCTAATATACGCCCAATAGGAATAAAACTAGACCGAACAACCTTATTTATCTGAGCAGTAAAAATTACAGCTATTCTCCTACTACTATCCCTACCTGTCCTTGCAGGAGCAATTACTATACTTTTAACAGATCGAAACATCAACACCTCCTTTTTTGATCCTGCTGGAGGAGGAGACCCTATTCTCTATCAACACCTATTC","Animalia","Arthropoda","Insecta","Coleoptera","Curculionidae","","CPBC0033","0","25","0"
"OTU000048","CCTTAACAACATAAGATTCTGGCTACTGCCTCCATCTCTAACCTTACTTCTAATAAGAAGAATTATTGATAAAGGAGTAGGTACCGGCTGAACTGTCTACCCGCCTCTTTCAGGAAACATTGCCCATGAAGGCATATCTGTTGATATAGCCATTTTCAGTTTGCACATAGCAGGTATCTCATCAATCATAGGAGCAATAAATTTCATTTCCACAGTAGCTAATATACGCCCAATAGGAATAAAACTAGACCGAACAACCTTATTTATCTGAGCAGTAAAAATTACAGCTATTCTCCTACTTCTATCCCTACCTGTTCTTGCAGGAGCGATTACTATACTTTTAACAGATCGAAACATCAACACCTCCTTTTTTGATCCTGCTGGAGGAGGAGACCCTATTCTCTATCAACACTTATTC","Animalia","Arthropoda","Insecta","Coleoptera","Curculionidae","","CPBC0033","39","0","0"
"OTU000049","CCTTAACAATATCAGTTTTTGGCTGTTAATTCCTGCTTTCATCCTGCTTATGGGTTCGGCTTTTGTTGACGGCGGACCGGGAACGGGCTGGACGCTCTACCCTCCTTTAAGTAATTTGAGCGGTCATCCGGGAGCAGCCGTTGATATGGCTATTTTCAGCTTACATTTAACCGGTCTATCGTCAATCCTCGGATCAATTAACTTAATCGTTACTATATTTAATATGAGAGCTCCGGGCATGGGACTTTTCAAAATGCCGTTATTCGTTTGGTCTATATTAGTTACTGCATTCCTTATAATCTTAGCTATGCCGGTACTTGGCGGAGCTATAACTATGCTGCTTACCGACCGTAACTTTGGAACTAATTTCTTTAAACCGGACGGCGGCGGCGATCCCGTATTATTTCAACATCTATTT","Animalia","Arthropoda","Insecta","Coleoptera",NA,NA,NA,"18","0","0"
"OTU000050","GATGAACAACATAAGATTTTGACTCCTACCACCTTCCCTTAATCTACTAGTAATGAGAAGAATTGTAGAAAGGGGGGTTGGAACAGGATGAACTGTTTATCCACCCTTATCAGCAAATGTAGCCCACAGAGGGTCTTCAGTTGATTTAGCAATTTTCAGATTACACTTGGCAGGAATTTCGTCAATTTTAGGAGCAGTAAACTTCATTTCAACAGTAATCAATATACGCCCAAGAGGAATATACATAGACCGAACTCCTTTATTTGTGTGAGCTGTTGTAATCACCGCAATTCTTCTTCTCCTCTCCCTTCCTGTTTTAGCAGGGGCCATCACAATGCTATTAACTGACCGTAACTTAAATACAACCTTTTTCGACCCGGCCGGAGGGGGAGACCCTATTCTATATCAACATTTATTT","Animalia","Arthropoda","Insecta","Coleoptera","Chrysomelidae","","CPBC0044","0","0","108"
"OTU000051","TATAAACAATATAAGATTCTGATTCCTTCCCCCTTCTCTATCTCTTCTGTTAATAAGAAGAATCGTAGAAAATGGTGCCGGAACTGGTTGAACAGTTTACCCACCTTTATCTTCAAATATTGCTCATAGAGGATCTTCAATTGATTTAGCTATTTTTAGACTTCATTTAGCCGGAATTTCATCAATTCTAGGAGCTGTAAATTTTATTTCTACAGTTATTAATATGCGATCCACAGGAATTTCCTTTGATCGAATGCCTCTTTTTGTTTGAGCCGTAGCAATTACAGCCCTTCTACTTTTATTATCATTGCCAGTTCTTGCTGGAGCAATTACTATACTTTTAACAGATCGAAATCTTAATACATCATTTTTTGACCCAGCTGGAGGAGGTGACCCAATTCTCTATCAACACTTATTT","Animalia","Arthropoda","Insecta","Coleoptera","Elateridae","","CPBC0013","0","152","0"
"OTU000052","TATAAACAATATAAGATTCTGATTCCTTCCCCCTTCTCTATCTCTTCTGTTAATAAGAAGAATCGTAGAAAATGGTGCCGGAACTGGTTGAACAGTTTACCCACCTTTATCTTCAAATATTGCTCATAGAGGATCTTCAGTTGATTTAGCTATTTTTAGACTTCATTTAGCCGGAATCTCATCAATTCTAGGAGCTGTAAATTTTATTTCTACAGTTATTAACATGCGATCCACAGGAATTTCCTTTGATCGAATGCCTCTTTTTGTTTGAGCCGTAGCAATTACAGCCCTTCTACTTTTATTATCATTACCAGTTCTTGCTGGAGCAATTACTATACTTTTAACAGATCGAAATCTTAATACATCATTTTTTGACCCAGCTGGAGGAGGTGACCCAATTCTCTATCAACACTTATTT","Animalia","Arthropoda","Insecta","Coleoptera","Elateridae","","CPBC0013","0","238","0"
"OTU000053","TATAAACAATATAAGATTCTGATTCCTTCCCCCTTCTCTATCTCTTCTGTTAATAAGAAGAATCGTAGAAAATGGTGCCGGAACTGGTTGAACAGTTTACCCACCTTTATCTTCAAATATTGCTCATAGAGGATCTTCAGTTGATTTAGCTATTTTTAGACTTCATTTAGCCGGAATCTCATCAATTCTAGGAGCTGTAAATTTTATTTCTACAGTTATTAATATGCGATCCACAGGAATTTCCTTTGATCGAATGCCTCTTTTTGTTTGAGCCGTAGCAATTACAGCCCTTCTACTTTTATTATCATTACCAGTTCTTGCTGGAGCAATTACTATACTTTTAACAGATCGAAATCTTAATACATCATTTTTTGACCCAGCTGGAGGAGGTGACCCAATTCTCTATCAACACTTATTT","Animalia","Arthropoda","Insecta","Coleoptera","Elateridae","","CPBC0013","673","342","0"
"OTU000054","TATAAACAATATAAGATTCTGATTCCTTCCCCCTTCTCTATCTCTTCTGTTAATAAGAAGAATCGTAGAAAATGGTGCCGGAACTGGTTGAACAGTTTACCCACCTTTATCTTCAAATATTGCTCATAGAGGATCTTCAGTTGATTTAGCTATTTTTAGACTTCATTTAGCCGGAATCTCATCAATTCTAGGAGCTGTAAATTTTATTTCTACAGTTATTAATATGCGATCCACAGGAATTTCCTTTGATCGAATGCCTCTTTTTGTTTGAGCCGTAGCAATTACAGCCCTTCTACTTTTATTGTCATTACCAGTTCTTGCTGGAGCAATTACTATACTTTTAACAGATCGAAATCTTAATACATCATTTTTTGACCCAGCTGGAGGAGGTGACCCAATTCTCTATCAACACTTATTT","Animalia","Arthropoda","Insecta","Coleoptera","Elateridae","","CPBC0013","0","116","0"
"OTU000055","TATAAACAATATAAGATTCTGATTCCTTCCCCCTTCTCTATCTCTTCTGTTAATAAGAAGAATCGTAGAAAATGGTGCCGGAACTGGTTGAACAGTTTACCCACCTTTATCTTCAAATATTGCTCATAGAGGATCTTCAGTTGATTTAGCTATTTTTAGACTTCATTTAGCCGGAATTTCATCAATTCTAGGAGCTGTAAATTTTATTTCTACAGTTATTAATATACGATCCACAGGAATTTCCTTTGATCGAATGCCTCTTTTTGTTTGAGCCGTAGCAATTACAGCCCTTTTACTTTTATTATCATTACCAGTTCTTGCTGGAGCAATTACTATACTTTTAACAGATCGAAATCTTAATACATCATTTTTTGACCCAGCTGGAGGAGGTGACCCAATTCTCTATCAACACTTATTT","Animalia","Arthropoda","Insecta","Coleoptera","Elateridae","","CPBC0013","0","132","0"
"OTU000056","TATAAACAATATAAGATTCTGATTCCTTCCCCCTTCTCTATCTCTTCTGTTAATAAGAAGAATCGTAGAAAATGGTGCCGGAACTGGTTGAACAGTTTACCCACCTTTATCTTCAAATATTGCTCATAGAGGATCTTCAGTTGATTTAGCTATTTTTAGACTTCATTTAGCCGGAATTTCATCAATTCTAGGAGCTGTAAATTTTATTTCTACAGTTATTAATATGCGATCCACAGGAATTTCCTTTGATCGAATGCCTCTTTTTGTTTGAGCCGTAGCAATTACAGCCCTTCTACTTTTATTATCATTACCAGTTCTTGCTGGAGCAATTACTATACTTTTAACAGATCGAAATCTTAATACATCATTTTTTGATCCAGCTGGAGGAGGTGACCCAATTCTCTATCAACACTTATTT","Animalia","Arthropoda","Insecta","Coleoptera","Elateridae","","CPBC0013","0","152","0"
"OTU000057","TATAAACAATATAAGATTCTGATTCCTTCCCCCTTCTCTATCTCTTCTGTTAATAAGAAGAATCGTAGAAAATGGTGCCGGAACTGGTTGAACAGTTTACCCACCTTTATCTTCAAATATTGCTCATAGAGGATCTTCAGTTGATTTAGCTATTTTTAGACTTCATTTAGCCGGAATTTCATCAATTCTAGGAGCTGTAAATTTTATTTCTACAGTTATTAATATGCGATCCACAGGAATTTCCTTTGATCGAATGCCTCTTTTTGTTTGAGCCGTAGCAATTACAGCCCTTCTACTTTTATTATCATTGCCAGTTCTTGCTGGAGCAATTACTATACTTTTAACAGATCGAAATCTTAATACATCATTTTTTGACCCAGCTGGAGGAGGTGACCCAATTCTCTATCAACACTTATTT","Animalia","Arthropoda","Insecta","Coleoptera","Elateridae","","CPBC0013","0","191","0"
"OTU000058","TATAAACAATATAAGATTCTGATTCCTTCCCCCTTCTCTATCTCTTCTGTTAATAAGAAGAATTACTGATAAAGGAGTTGGTACAGGATGAACTGTTTACCCACCTCTATCATCCAATATTGCTCATGAAGGAGCCTCTGTAGATCTAGGAATTTTTAGACTCCATATAGCTGGAATCTCTTCAATTTTAGGGGCAATAAATTTTATTTCAACAATTAGAAATATACACCCCTCTGGAATAAAAACAGATCGACTTCCCCTATTTGTTTGAGCCGTAGAAATTACAGCTATCCTTTTATTACTTTCATTACCTGTTCTCGCAGGAGCTATTACAATATTATTAACTGATCGTAATATTAATACTTCATTTTTTGACCCAGCTGGAGGGGGGGACCCAATCTTATACCAACACTTATTT","Animalia","Arthropoda","Insecta","Coleoptera","Elateridae","","CPBC0013","0","4","0"
"OTU000059","TATAAATAATATAAGATTTTGACTTTTACCACCTTCTTTAATTCTTCTTTTAATAAGAAGATTAGTTGAAAGAGGGGCCGGAACAGGATGAACAGTTTACCCCCCCTTAGCTAGAAACATCGCCCACGGAGGATCCTCAGTAGACTTAGCTATCTTTAGGCTTCACTTAGCAGGCATTTCATCTATTTTAGGAGCCGTTAATTTTATTACTACAGTAATTAATATACGCCCTAGAGGAATAAATATAGACCGAATACCTCTATTCTCTTGAGCAGTAGTAATTACTGCTATTTTACTTTTATTATCACTCCCAGTATTAGCTGGAGCTATTACTATACTATTAACTGACCGTAATTTAAATACTTCTTTCTTTGATCCTGCTGGTGGTGGAGACCCTATCTTATACCAACACTTATTT","Animalia","Arthropoda","Insecta","Coleoptera","Chrysomelidae","","CPBC0141","134","0","0"
"OTU000060","TATGAATAATTTAAGTTTTTGGTTGTTAGTGTCATCTTTTATTTTGCTCATTCTCTCAGTGTTTATTGGTGAAGGTCCAGGTACAGGTTGGACTTTATATCCACCTTTATCACAGGTAATGTCCCATCCAAGTGCAGGAGTTGACATTGCTATACTTGCACTTCATGTTGCTGGTATGTCGTCAATTGTTGGGGCGATCAACTTTATAGTTACTATATTTAACATGCGCACAAAAGGCATGTCATTAACTAAGATGCCACTGTTTGTTTGGTCTGTCTTGCTAACAGCATTTATGTTGATTGTTGCTTTACCAGTGCTTGCCGGTGCTATAACTATGCTTCTTACTGATCGCAATGTTGGTACTTCCTTTTTTGATCCTGCCGGTGGCGGAGATCCTGTGTTATTTCAACATCTATTT","Animalia","Arthropoda","Insecta","Coleoptera",NA,NA,NA,"0","0","10"
"OTU000061","TCTCAACAATATAAGATTTTGACTTCTCCCCCCTTCCCTTACTCTTCTATTAATAAGAAGAGCAGTAAATAAAGGAGCAGGTACAGGATGAACAGTTTACCCCCCTTTATCTATAAACACAGCTCATGAAGGAGCTTCTGTTGATCTCGCAATTTTTAGATTACATATAGCAGGAATTTCCTCTATTTTAGGAGCTATAAATTTTATTTCTACAATTATCAATATACGACCAGCTGGAATAAATTACGATCGAATACCTCTATTTGTTTGAGCTGTAAAAATTACAGCTATTCTTCTACTTCTATCTTTACCAGTTCTTGCAGGAGCAATCACTATACTATTAACTGATCGAAATATCAACACATCTTTTTTTGATCCAGCAGGGGGAGGAGATCCAATTCTTTATCAACATTTATTC","Animalia","Arthropoda","Insecta","Coleoptera","Curculionidae","",NA,"0","0","191"
"OTU000062","TTTAAATAATATAAGATTTTGATTATTACCTCCATCCCTCTCATTACTAATATTAAGATCAATAGTAGATTCGGGTGTAGGGACAGGGTGAACATTATATCCACCCCTGTCTGCAACTATTGCACATTCTGGATCAAGAGTTGATATATCAATTTTTTCCCTTCACTTAGCAGGAATATCATCAATTTTAGGTGCAATTAACTTTATTTCAACAGTATTAAACATACGATCAACAGGAATAAAAATAGACCAAACACCATTATTTGTTTGATCTGTTTTAATTACAGCTATTCTTCTTCTACTTTCACTACCAGTTCTAGCTGGTGCAATTACAATACTATTAACAGACCGTAATATCAATACATCATTTTTTGACCCAGCAGGGGGTGGGGACCCAATTCTTTATCAACATCTTTTC","Animalia","Arthropoda","Insecta","Coleoptera",NA,NA,NA,"0","0","444"
"OTU000063","TTTAAATAATATAAGATTTTGATTATTACCTCCATCTATCTCATTACTAATATTAAGATCAATAGTAGATTCAGGTGTAGGAACAGGGTGAACATTATATCCACCTCTATCTGCAACTATTGCACATTCTGGATCAAGAGTTGATATATCAATTTTCTCCCTACACCTAGCAGGTGTATCATCAATTTTAGGGGCAATTAACTTTATTTCAACAGTATTAAACATACGATCAACAGGAATAAAAATAGACCAAACACCATTATTTGTATGATCTGTTTTAATTACAGCTATTCTACTTCTACTTTCATTACCAGTTCTAGCTGGTGCAATTACAATACTCTTAACAGACCGTAACATTAATACATCATTTTTTGACCCAGCAGGGGGTGGTGATCCAATTCTTTATCAACATCTTTTC","Animalia","Arthropoda","Insecta","Coleoptera",NA,NA,NA,"209","0","0"
