	ASV	Kingdom	Phylum	Class	Order	Family	Genus	Species	T11	T4	T9	ASV_seqs
1	ASV_1	Animalia	Arthropoda	Insecta	Coleoptera	Elateridae		CPBC0013	673	342	0	TATAAACAATATAAGATTCTGATTCCTTCCCCCTTCTCTATCTCTTCTGTTAATAAGAAGAATCGTAGAAAATGGTGCCGGAACTGGTTGAACAGTTTACCCACCTTTATCTTCAAATATTGCTCATAGAGGATCTTCAGTTGATTTAGCTATTTTTAGACTTCATTTAGCCGGAATCTCATCAATTCTAGGAGCTGTAAATTTTATTTCTACAGTTATTAATATGCGATCCACAGGAATTTCCTTTGATCGAATGCCTCTTTTTGTTTGAGCCGTAGCAATTACAGCCCTTCTACTTTTATTATCATTACCAGTTCTTGCTGGAGCAATTACTATACTTTTAACAGATCGAAATCTTAATACATCATTTTTTGACCCAGCTGGAGGAGGTGACCCAATTCTCTATCAACACTTATTT
2	ASV_2	Animalia	Arthropoda	Insecta	Coleoptera	Cerambycidae		CPBC0015	0	0	670	AATAAATAATATGAGATTCTGGCTTCTTCCTCCTTCATTAATTCTTTTAATTATAAGAAGAATTGTTGAAAATGGAGCCGGAACAGGATGAACAGTTTATCCTCCTTTATCAGCTAATATTGCTCATGCTGGCCCTTCAGTAGATTTAGCAATTTTTAGTCTTCATTTAGCAGGAATTTCTTCTATTCTAGGGGCTGTAAATTTTATTACTACAGTTATTAATATACGGCCTAAAGGCATAACATTTGATCGTCTTCCTCTTTTTGTCTGAGCCGTAAAAATTACTGCAATTTTACTTCTTTTATCTCTCCCAGTTCTAGCAGGGGCAATTACAATACTTTTAACTGATCGAAATTTAAATACTTCATTTTTTGACCCTGCAGGAGGAGGAGATCCAATTTTATATCAGCATTTATTT
3	ASV_3	Animalia	Arthropoda	Insecta	Coleoptera	Curculionidae		CPBC0070	167	352	0	ACTTAACAACATAAGTTTTTGACTACTCCCCCCCTCGCTAACCTTCTTATTAATAAGAAGACTAGTAGACAAAGGAGCAGGAACTGGTTGAACAGTTTACCCCCCACTATCCTCAAATGTCTCCCACGAAGGGTCCTCCGTAGATTTAGCAATTTTCAGACTACATATGGCGGGGGTATCCTCAATCTTAGGAGCCATCAACTTCATTTCAACAGTAATCAATATACATCCTAAAGGAATAAAACCAGAACAACTTCCTCTGTTTGTCTGAGCCGTTAAAATTACAGCAGTTCTTCTCCTATTAAGACTACCAGTTCTAGCGGGAGCAATTACAATACTATTAACAGATCGTAACGTAAACACTTCGTTCTTTGACCCGGCAGGAGGGGGAGACCCTATCCTCTACCAACACTTGTTC
4	ASV_4	Animalia	Arthropoda	Insecta	Coleoptera	Tenebrionidae		NA	492	0	0	AATAAATAATATAAGATTCTGATTATTACCGCCTTCACTAACCCTTCTTCTAATAAGAAGAATCGTAGAAAACGGAGCAGGAACTGGATGAACTGTGTACCCCCCCCTATCATCAAACATCGCCCACGGAGGATCATCAGTAGACCTTGCAATTTTCAGATTACATCTTGCAGGAATCTCCTCAATTCTGGGAGCAGTAAACTTCATTACAACGGTAATTAACATACGACCACAAGGAATATCATTTGACCGAATACCTTTATTTGTATGAGCAGTAGTAATTACAGCAGTTCTACTACTACTATCCCTTCCTGTCCTAGCAGGAGCTATCACAATACTCCTTACCGACCGGAATATTAATACTTCATTCTTTGACCCTGCTGGAGGGGGAGACCCCATTCTATACCAACATCTATTC
5	ASV_5	Animalia	Arthropoda	Insecta	Coleoptera	NA	NA	NA	0	0	444	TTTAAATAATATAAGATTTTGATTATTACCTCCATCCCTCTCATTACTAATATTAAGATCAATAGTAGATTCGGGTGTAGGGACAGGGTGAACATTATATCCACCCCTGTCTGCAACTATTGCACATTCTGGATCAAGAGTTGATATATCAATTTTTTCCCTTCACTTAGCAGGAATATCATCAATTTTAGGTGCAATTAACTTTATTTCAACAGTATTAAACATACGATCAACAGGAATAAAAATAGACCAAACACCATTATTTGTTTGATCTGTTTTAATTACAGCTATTCTTCTTCTACTTTCACTACCAGTTCTAGCTGGTGCAATTACAATACTATTAACAGACCGTAATATCAATACATCATTTTTTGACCCAGCAGGGGGTGGGGACCCAATTCTTTATCAACATCTTTTC
6	ASV_6	Animalia	Arthropoda	Insecta	Coleoptera	NA	NA	NA	443	0	0	ATTAAATAATATAAGATTTTGACTATTACCTCCATCTATATCATTACTAATATTAAGATCAATTGTAGATTCAGGTGTAGGGACAGGGTGAACATTATACCCACCCCTATCAACAACTATTGCACATTCTGGATCAAGAGTTGATATATCAATTTTTTCCCTTCACTTAGCAGGAGTGTCATCAATTTTAGGTGCAATTAATTTTATTTCAACAGTATTAAATATACGACCAATAGGGATAAAAATAGACCAAATACCATTATTTGTATGATCTGTTTTAATTACAGCTATTCTCCTTCTAATTTCATTACCAGTTCTAGCTGGTGCAATTACAATACTATTAACAGACCGTAATATTAATACATCATTTTTTGACCCAGCAGGAGGGGGTGATCCAATTCTTTACCAACATCTTTTC
7	ASV_7	Animalia	Arthropoda	Insecta	Coleoptera	Mordellidae		CPBC0106	0	397	0	AATAAATAATATAAGATTTTGATTACTCCCACCATCACTTTCTTTATTATTAATAAGAAGAATGGTAGAAAACGGTGCTGGTACTGGTTGAACGGTTTACCCACCTCTATCTGCCAACATTGCCCATGGGGGATCATCTGTAGACCTAGCAATCTTCAGACTTCATTTGGCAGGTGTATCTTCAATCTTGGGGGCAATCAATTTTATTTCTACCATATTAAATATGCGCCCAGCCGGAATAACCTTAGATCGAATACCCCTGTTTGCCTGAGCAATCGCAATTACGGCAATTCTTCTTCTTCTTTCTCTACCAGTTTTAGCAGGAGCTATTACTATATTACTTACAGACCGAAATTTAAATACATCTTTCTTTGACCCAGCTGGAGGAGGAGACCCCATTCTTTACCAACACCTTTTT
8	ASV_8	Animalia	Arthropoda	Insecta	Coleoptera	Elateridae		CPBC0013	0	238	0	TATAAACAATATAAGATTCTGATTCCTTCCCCCTTCTCTATCTCTTCTGTTAATAAGAAGAATCGTAGAAAATGGTGCCGGAACTGGTTGAACAGTTTACCCACCTTTATCTTCAAATATTGCTCATAGAGGATCTTCAGTTGATTTAGCTATTTTTAGACTTCATTTAGCCGGAATCTCATCAATTCTAGGAGCTGTAAATTTTATTTCTACAGTTATTAACATGCGATCCACAGGAATTTCCTTTGATCGAATGCCTCTTTTTGTTTGAGCCGTAGCAATTACAGCCCTTCTACTTTTATTATCATTACCAGTTCTTGCTGGAGCAATTACTATACTTTTAACAGATCGAAATCTTAATACATCATTTTTTGACCCAGCTGGAGGAGGTGACCCAATTCTCTATCAACACTTATTT
9	ASV_9	Animalia	Arthropoda	Insecta	Coleoptera	NA	NA	NA	0	218	0	AATAAATAATATAAGATTTTGATTATTACCTCCTTCTTTAACATTATTATTAATAAGAAGAATAGTAGAAAGAGGGGCAGGAACTGGTTGAACAGTATACCCCCCTTTATCTGCTAATATCGCTCATGGGGGATCTTCTGTAGATTTAGCAATTTTTAGTTTACATTTAGCAGGTATTTCTTCTATTCTTGGAGCAGTAAATTTTATTACTACAGTTATTAATATACGCCCAGAAGGGATAACCTTAGATCGAATACCCTTGTTTGTTTGAGCTGTAGCCATTACTGCTTTACTTTTATTACTATCTTTACCAGTATTAGCAGGAGCTATTACTATACTTTTAACAGACCGAAATTTCAATACTTCTTTTTTTGACCCGGCAGGTGGGGGTGACCCAATTCTCTATCAACATTTATTT
10	ASV_10	Animalia	Arthropoda	Insecta	Coleoptera	NA	NA	NA	209	0	0	TTTAAATAATATAAGATTTTGATTATTACCTCCATCTATCTCATTACTAATATTAAGATCAATAGTAGATTCAGGTGTAGGAACAGGGTGAACATTATATCCACCTCTATCTGCAACTATTGCACATTCTGGATCAAGAGTTGATATATCAATTTTCTCCCTACACCTAGCAGGTGTATCATCAATTTTAGGGGCAATTAACTTTATTTCAACAGTATTAAACATACGATCAACAGGAATAAAAATAGACCAAACACCATTATTTGTATGATCTGTTTTAATTACAGCTATTCTACTTCTACTTTCATTACCAGTTCTAGCTGGTGCAATTACAATACTCTTAACAGACCGTAACATTAATACATCATTTTTTGACCCAGCAGGGGGTGGTGATCCAATTCTTTATCAACATCTTTTC
11	ASV_11	Animalia	Arthropoda	Insecta	Coleoptera	Elateridae		CPBC0013	0	191	0	TATAAACAATATAAGATTCTGATTCCTTCCCCCTTCTCTATCTCTTCTGTTAATAAGAAGAATCGTAGAAAATGGTGCCGGAACTGGTTGAACAGTTTACCCACCTTTATCTTCAAATATTGCTCATAGAGGATCTTCAGTTGATTTAGCTATTTTTAGACTTCATTTAGCCGGAATTTCATCAATTCTAGGAGCTGTAAATTTTATTTCTACAGTTATTAATATGCGATCCACAGGAATTTCCTTTGATCGAATGCCTCTTTTTGTTTGAGCCGTAGCAATTACAGCCCTTCTACTTTTATTATCATTGCCAGTTCTTGCTGGAGCAATTACTATACTTTTAACAGATCGAAATCTTAATACATCATTTTTTGACCCAGCTGGAGGAGGTGACCCAATTCTCTATCAACACTTATTT
12	ASV_12	Animalia	Arthropoda	Insecta	Coleoptera	Curculionidae		NA	0	0	191	TCTCAACAATATAAGATTTTGACTTCTCCCCCCTTCCCTTACTCTTCTATTAATAAGAAGAGCAGTAAATAAAGGAGCAGGTACAGGATGAACAGTTTACCCCCCTTTATCTATAAACACAGCTCATGAAGGAGCTTCTGTTGATCTCGCAATTTTTAGATTACATATAGCAGGAATTTCCTCTATTTTAGGAGCTATAAATTTTATTTCTACAATTATCAATATACGACCAGCTGGAATAAATTACGATCGAATACCTCTATTTGTTTGAGCTGTAAAAATTACAGCTATTCTTCTACTTCTATCTTTACCAGTTCTTGCAGGAGCAATCACTATACTATTAACTGATCGAAATATCAACACATCTTTTTTTGATCCAGCAGGGGGAGGAGATCCAATTCTTTATCAACATTTATTC
13	ASV_13	Animalia	Arthropoda	Insecta	Coleoptera	Curculionidae		CPBC0033	178	0	0	CCTTAACAACATAAGATTCTGGCTACTGCCCCCATCTCTAAGCTTACTTCTAATAAGAAGAATTATTGATAAAGGAGTAGGTACCGGCTGAACTGTCTACCCGCCTCTTTCAGGAAACATTGCCCATGAGGGTATATCTGTTGATATAGCCATTTTCAGTTTGCACATAGCAGGTATCTCATCAATCATAGGAGCAATAAATTTCATTTCCACAGTAGCTAATATACGCCCAATAGGAATAAAACTAGACCGAACAACCTTATTTATCTGAGCAGTAAAAATTACAGCTATTCTCCTACTTCTATCCCTACCTGTTCTTGCAGGAGCGATTACTATACTTTTAACAGATCGAAACATCAACACCTCCTTTTTTGATCCTGCTGGAGGAGGAGACCCTATTCTCTATCAACACTTATTC
14	ASV_14	Animalia	Arthropoda	Insecta	Coleoptera	family		CPBC0225	0	0	165	AATAAATAATATAAGATTTTGACTTCTACCACCTTCACTAAGATTATTATTATTAAGAAGATTAGTAGAAAGTGGGGCTGGGACTGGATGAACTGTTTACCCCCCTTTAGCTGCAAATATTGCCCATAGAGGGTCATCAGTAGATTTAGCAATTTTTAGATTACATTTAGCTGGGATTTCATCTATTCTTGGGGCAGTAAATTTTATTACAACCGTAATTAATATGCGACCCCAAGGTATAAGAATAGACCGAATACCACTATTCTCTTGAGCAGTTGTAATTACAGCTATTCTCTTATTACTTTCTTTACCTGTTTTAGCAGGGGCTATTACAATATTACTTACTGATCGAAATTTAAATACATCATTTTTCGACCCTGCTGGAGGAGGAGATCCAATTCTTTACCAACACTTATTC
15	ASV_15	Animalia	Arthropoda	Insecta	Coleoptera	Elateridae		CPBC0013	0	152	0	TATAAACAATATAAGATTCTGATTCCTTCCCCCTTCTCTATCTCTTCTGTTAATAAGAAGAATCGTAGAAAATGGTGCCGGAACTGGTTGAACAGTTTACCCACCTTTATCTTCAAATATTGCTCATAGAGGATCTTCAATTGATTTAGCTATTTTTAGACTTCATTTAGCCGGAATTTCATCAATTCTAGGAGCTGTAAATTTTATTTCTACAGTTATTAATATGCGATCCACAGGAATTTCCTTTGATCGAATGCCTCTTTTTGTTTGAGCCGTAGCAATTACAGCCCTTCTACTTTTATTATCATTGCCAGTTCTTGCTGGAGCAATTACTATACTTTTAACAGATCGAAATCTTAATACATCATTTTTTGACCCAGCTGGAGGAGGTGACCCAATTCTCTATCAACACTTATTT
16	ASV_16	Animalia	Arthropoda	Insecta	Coleoptera	Elateridae		CPBC0013	0	152	0	TATAAACAATATAAGATTCTGATTCCTTCCCCCTTCTCTATCTCTTCTGTTAATAAGAAGAATCGTAGAAAATGGTGCCGGAACTGGTTGAACAGTTTACCCACCTTTATCTTCAAATATTGCTCATAGAGGATCTTCAGTTGATTTAGCTATTTTTAGACTTCATTTAGCCGGAATTTCATCAATTCTAGGAGCTGTAAATTTTATTTCTACAGTTATTAATATGCGATCCACAGGAATTTCCTTTGATCGAATGCCTCTTTTTGTTTGAGCCGTAGCAATTACAGCCCTTCTACTTTTATTATCATTACCAGTTCTTGCTGGAGCAATTACTATACTTTTAACAGATCGAAATCTTAATACATCATTTTTTGATCCAGCTGGAGGAGGTGACCCAATTCTCTATCAACACTTATTT
17	ASV_17	Animalia	Arthropoda	Insecta	Coleoptera	Chrysomelidae		CPBC0141	134	0	0	TATAAATAATATAAGATTTTGACTTTTACCACCTTCTTTAATTCTTCTTTTAATAAGAAGATTAGTTGAAAGAGGGGCCGGAACAGGATGAACAGTTTACCCCCCCTTAGCTAGAAACATCGCCCACGGAGGATCCTCAGTAGACTTAGCTATCTTTAGGCTTCACTTAGCAGGCATTTCATCTATTTTAGGAGCCGTTAATTTTATTACTACAGTAATTAATATACGCCCTAGAGGAATAAATATAGACCGAATACCTCTATTCTCTTGAGCAGTAGTAATTACTGCTATTTTACTTTTATTATCACTCCCAGTATTAGCTGGAGCTATTACTATACTATTAACTGACCGTAATTTAAATACTTCTTTCTTTGATCCTGCTGGTGGTGGAGACCCTATCTTATACCAACACTTATTT
18	ASV_18	Animalia	Arthropoda	Insecta	Coleoptera	Elateridae		CPBC0013	0	132	0	TATAAACAATATAAGATTCTGATTCCTTCCCCCTTCTCTATCTCTTCTGTTAATAAGAAGAATCGTAGAAAATGGTGCCGGAACTGGTTGAACAGTTTACCCACCTTTATCTTCAAATATTGCTCATAGAGGATCTTCAGTTGATTTAGCTATTTTTAGACTTCATTTAGCCGGAATTTCATCAATTCTAGGAGCTGTAAATTTTATTTCTACAGTTATTAATATACGATCCACAGGAATTTCCTTTGATCGAATGCCTCTTTTTGTTTGAGCCGTAGCAATTACAGCCCTTTTACTTTTATTATCATTACCAGTTCTTGCTGGAGCAATTACTATACTTTTAACAGATCGAAATCTTAATACATCATTTTTTGACCCAGCTGGAGGAGGTGACCCAATTCTCTATCAACACTTATTT
19	ASV_19	Animalia	Arthropoda	Insecta	Coleoptera	Elateridae		CPBC0013	0	116	0	TATAAACAATATAAGATTCTGATTCCTTCCCCCTTCTCTATCTCTTCTGTTAATAAGAAGAATCGTAGAAAATGGTGCCGGAACTGGTTGAACAGTTTACCCACCTTTATCTTCAAATATTGCTCATAGAGGATCTTCAGTTGATTTAGCTATTTTTAGACTTCATTTAGCCGGAATCTCATCAATTCTAGGAGCTGTAAATTTTATTTCTACAGTTATTAATATGCGATCCACAGGAATTTCCTTTGATCGAATGCCTCTTTTTGTTTGAGCCGTAGCAATTACAGCCCTTCTACTTTTATTGTCATTACCAGTTCTTGCTGGAGCAATTACTATACTTTTAACAGATCGAAATCTTAATACATCATTTTTTGACCCAGCTGGAGGAGGTGACCCAATTCTCTATCAACACTTATTT
20	ASV_20	Animalia	Arthropoda	Insecta	Coleoptera	Chrysomelidae		CPBC0044	0	0	108	GATGAACAACATAAGATTTTGACTCCTACCACCTTCCCTTAATCTACTAGTAATGAGAAGAATTGTAGAAAGGGGGGTTGGAACAGGATGAACTGTTTATCCACCCTTATCAGCAAATGTAGCCCACAGAGGGTCTTCAGTTGATTTAGCAATTTTCAGATTACACTTGGCAGGAATTTCGTCAATTTTAGGAGCAGTAAACTTCATTTCAACAGTAATCAATATACGCCCAAGAGGAATATACATAGACCGAACTCCTTTATTTGTGTGAGCTGTTGTAATCACCGCAATTCTTCTTCTCCTCTCCCTTCCTGTTTTAGCAGGGGCCATCACAATGCTATTAACTGACCGTAACTTAAATACAACCTTTTTCGACCCGGCCGGAGGGGGAGACCCTATTCTATATCAACATTTATTT
21	ASV_21	Animalia	Arthropoda	Insecta	Coleoptera	Staphylinidae		CPBC0018	0	106	0	AATAAACAATATAAGATTCTGACTTCTTCCCCCTTCTCTTACTCTCCTTTTAATAAGAAGAATAGTAGAAAGTGGAGCCGGAACAGGATGAACAGTGTACCCCCCACTATCATCAAATATTGCTCATGGTGGATCTTCTGTAGATTTAGCTATTTTTAGACTTCATTTAGCAGGTATTTCATCAATTCTTGGAGCCGTAAATTTTATTTCTACAATTATTAATATACGATCTCCAGGAATAACTTTTGACCAAATACCTTTATTTGTGTGATCAGTTGGAATTACAGCTTTACTTTTACTTTTATCTTTACCTGTATTAGCAGGAGCTATTACAATATTATTAACAGATCGAAATTTAAATACCTCATTTTTTGATCCTGCTGGAGGAGGAGATCCAATTTTATATCAACATTTATTT
22	ASV_22	Animalia	Arthropoda	Insecta	Coleoptera	Chrysomelidae		CPBC0209	0	90	0	AATAAATAATATAAGATTTTGACTCCTACCACCTTCACTAAGATTATTATTATTAAGAAGATTAGTAGAAAGTGGGGCTGGAACTGGGTGAACTGTTTACCCTCCTTTAGCTGCAAATATTGCCCATAGAGGATCATCAGTAGATTTAGCAATTTTTAGACTACATTTAGCTGGAATTTCATCTATTCTTGGAGCAGTAAATTTTATTACAACTGTAATTAATATGCGACCTCAGGGCATAAGAATAGACCGAATACCATTATTCTCTTGAGCAGTTGTAATTACAGCTATTCTCTTATTACTTTCTTTACCTGTTTTAGCGGGGGCTATTACAATATTACTTACTGATCGAAATTTAAATACATCATTTTTCGACCCTGCTGGAGGAGGAGATCCAATTCTTTACCAACACTTATTT
23	ASV_23	Animalia	Arthropoda	Insecta	Coleoptera	Salpingidae		CPBC0065	84	0	0	AATAAACAATATAAGATTCTGGCTTTTACCCCCTTCTCTTAGATTATTAATTATAAGAAGAATTGTAGAAAATGGGGCAGGAACTGGTTGAACTGTTTACCCGCCTTTAGCTTCAAATATTGCCCATAGAGGCTCTTCTGTAGATCTGGCAATTTTTAGTTTACATTTAGCCGGGGTTTCTTCTATTTTAGGGGCAGTTAATTTTATTACAACTGTAATTAATATGCGCCCAATGGGTATAAGATTTGACCGTATGCCTTTATTTGTTTGAGCTGTAGTAATCACCGCTGTTTTATTACTCCTCTCCCTACCTGTTTTAGCTGGAGCAATCACAATACTATTAACTGATCGTAATTTAAATACTTCATTTTTTGATCCTGCTGGAGGGGGGGATCCTATTCTTTACCAACATTTATTT
24	ASV_24	Animalia	Arthropoda	Insecta	Coleoptera	Chrysomelidae		CPBC0209	0	79	0	AATAAATAATATAAGATTTTGACTCCTACCACCTTCACTAAGATTATTATTATTAAGAAGATTAGTAGAAAGTGGGGCTGGAACTGGGTGAACTGTTTACCCTCCTTTAGCTGCAAATATTGCCCATAGAGGGTCATCAGTAGATTTAGCAATTTTTAGATTACATTTAGCTGGGATTTCATCTATTCTTGGAGCAGTAAATTTTATTACAACTGTAATTAATATGCGACCTCAGGGCATAAGAATAGACCGAATACCATTATTCTCTTGAGCAGTTGTAATTACAGCTATTCTCTTATTACTTTCTTTACCTGTTTTAGCGGGGGCTATTACAATATTACTTACTGATCGAAATTTAAATACATCATTTTTCGACCCTGCTGGAGGAGGAGATCCAATTCTTTACCAACACTTATTT
25	ASV_25	Animalia	Arthropoda	Insecta	Coleoptera	family		CPBC0226	0	0	79	AATAAATAATATAAGATTTTGACTTCTACCACCTTCACTAAGATTATTATTATTAAGAAGATTAGTAGAAAGTGGGGCTGGGACTGGATGAACTGTTTACCCCCCTTTAGCTGCAAATATTGCCCATAGGGGGTCATCAGTAGATTTAGCAATTTTTAGATTACATTTAGCTGGAATTTCATCTATTCTTGGGGCAGTAAATTTTATTACAACCGTAATTAATATGCGACCCCAAGGTATAAGAATAGACCGAATACCACTATTCTCTTGAGCAGTTGTAATTACAGCCATTCTCTTATTACTTTCTTTACCTGTTTTAGCAGGAGCTATTACAATATTACTTACTGATCGAAATTTAAATACATCATTTTTCGACCCTGCTGGAGGAGGAGATCCAATTCTTTACCAACACTTGTTC
26	ASV_26	Animalia	Arthropoda	Insecta	Coleoptera	Chrysomelidae		CPBC0045	0	0	78	AATAAACAATATGAGATTCTGATTATTACCCCCTTCTCTTAGTCTTCTTTTAATAAGAAGAATTGTAGAGAATGGAGCAGGGACTGGATGAACAGTATACCCACCATTAGCTGCTAATATTGCACATAGAGGATCTTCAGTAGATCTTGCTATTTTTAGACTTCACTTAGCAGGAATTTCTTCAATTTTAGGTGCTGTCAATTTCATTTCTACAGTTATTAATATACGACCCAGAGGTATAAGATTAGATCGTTTACCTTTATTTGCATGAGCTGTAGTAATTACAGCTATTCTTTTATTATTATCCCTCCCAGTATTAGCAGGAGCAATTACAATACTTCTTACAGATCGAAATTTAAATACCACATTTTTTGACCCAGCAGGAGGAGGAGACCCTATTTTATATCAACATTTATTT
27	ASV_27	Animalia	Arthropoda	Insecta	Coleoptera	Curculionidae		CPBC0097	71	0	0	ATTAAATAATATGAGATTTTGATTACTTCCACCATCATTAATATTACTTTTAATAAGAAGTATTATTGATAAAGGTGCAGGAACAGGATGAACTGTATACCCACCCTTATCTACTAATATTGCTCACGAAGGAACTTCTGTAGATTTAGCTATTTTTAGTCTTCACATAGCTGGAATCTCCTCAATTCTTGGAGCAATAAATTTTATTTCTACAGTTATTAATATACGACCATCTGGTATAAACCCAGATCGCATATCTCTATTTATTTGAGCAGTAAAAATTACTGCTATTTTACTTCTTCTATCCTTACCAGTTTTAGCAGGAGCAATTACTATACTATTAACAGACCGAAATATTAATACTTCATTCTTTGACCCAGCAGGAGGGGGAGACCCAATTCTGTACCAACACTTATTT
28	ASV_28	Animalia	Arthropoda	Insecta	Coleoptera	NA	NA	NA	0	71	0	AATGAATAATTTAAGATTTTGAATATTACCCCCTTCATTATTATTATTAATAATTAGCAATATAATTGAAGGAGGTACAAACACAGGATGAACTCTATACCCACCATTAGCCATAATCAATAATCACAATAATTCATCTATAGATTTAACAATTTTTTCATTACATTTAGCAGGTATTAGATCAATCATAGGATCAATCAATTTTATCTCAACCATTATTAATATAAAACCAAAAATAATAAACTTTGAACATATTCCATTATTTATTTGATCTTTATTAATTACAACTATCCTACTTTTATTATCCCTACCAGTGTTAGCTGGTGGAATTACAATATTATTAACAGACCGTAATATCAATACATCATTTTTTGATCCATCAGGAGGTGGAGATCCCATCTTATTTCAACATTTATTC
29	ASV_29	Animalia	Arthropoda	Insecta	Coleoptera	Chrysomelidae		CPBC0029	0	0	64	AATAAATAATATAAGATTTTGACTTCTACCACCTTCACTAAGATTATTATTATTAAGAAGATTAGTAGAAAGTGGGGCTGGGACTGGATGAACTGTTTACCCCCCTTTAGCTGCAAATATTGCTCATAGAGGGTCATCAGTAGATTTAGCAATTTTTAGATTACATTTAGCTGGGATTTCATCTATTCTTGGGGCAGTAAATTTTATTACAACCGTAATTAATATACGACCCCAAGGTATAAGAATAGACCGAATACCACTATTCTCTTGAGCAGTTGTAATTACAGCTATTCTCTTATTACTTTCTTTACCTGTTTTAGCAGGGGCTATTACAATATTACTTACTGATCGAAATTTAAATACATCATTTTTCGACCCTGCTGGAGGAGGGGATCCAATTCTTTACCAACACTTATTC
30	ASV_30	Animalia	Arthropoda	Insecta	Coleoptera	Chrysomelidae		CPBC0029	0	0	60	AATAAATAATATAAGATTTTGACTTCTACCACCTTCACTAAGATTATTATTATTAAGAAGATTAGTAGAAAGTGGGGCTGGAACTGGATGAACTGTTTACCCCCCTTTAGCTGCAAATATTGCTCATAGAGGGTCATCAGTAGATTTAGCAATTTTTAGATTACATTTAGCTGGGATTTCATCTATTCTTGGGGCAGTAAATTTTATTACAACCGTAATTAATATACGACCCCAAGGTATAAGAATAGACCGAATACCACTATTCTCTTGAGCAGTTGTAATTACAGCTATTCTCTTATTACTTTCTTTACCTGTTTTAGCAGGGGCTATTACAATATTACTTACTGATCGAAATTTAAATACATCATTTTTCGACCCTGCTGGAGGAGGGGATCCAATTCTTTACCAACACTTGTTC
31	ASV_31	Animalia	Arthropoda	Insecta	Coleoptera	NA	NA	NA	0	0	56	AATAAACAACATAAGATTTTGATTGCTGCCCCCATCAATTAGCTTATTGATTCTGAGAAGAATTGTTGAAAGAGGAGCAGGGACAGGTTGAACTGTTTATCCACCTCTATCTTCTAACATTGCCCATGGAGGATCATCTGTTGATTTAGCCATTTTTAGACTTCATTTAGCAGGTATTTCATCAATTTTAGGAGCAGTTAATTTTATTTCTACAGTTATTAATATACGTCCTAGAGGATTAACTTTAGATCGAATACCTCTATTTGTATGAGCAGTAGCTATTACAGCTCTTCTTCTTCTTCTTTCACTCCCAGTTCTTGCAGGAGCAATCACAATACTTCTAACTGATCGTAACATTAATACAACTTTTTTTGACCCTGCGGGAGGAGGAGATCCAATTCTTTATCAACATTTATTT
32	ASV_32	Animalia	Arthropoda	Insecta	Coleoptera	Chrysomelidae		CPBC0209	0	0	56	AATAAATAATATAAGATTTTGACTCCTACCACCTTCACTAAGATTATTATTATTAAGAAGATTAGTAGAAAGTGGGGCTGGAACTGGGTGAACTGTTTACCCTCCTTTAGCTGCAAATATTGCCCATAGAGGGTCATCAGTAGATTTAGCAATTTTTAGGCTACATTTAGCTGGGATTTCATCTATTCTTGGAGCAGTAAATTTTATTACAACTGTAATTAATATGCGACCTCAGGGCATAAGAATAGACCGAATACCATTATTCTCTTGAGCAGTTGTAATTACAGCTATTCTCTTATTACTTTCTTTACCTGTTTTAGCAGGGGCTATTACAATATTACTTACTGATCGAAATTTAAATACATCATTTTTCGACCCTGCTGGAGGAGGAGATCCAATTCTTTACCAACACTTATTT
33	ASV_33	Animalia	Arthropoda	Insecta	Coleoptera	Curculionidae		CPBC0097	0	0	54	ATTAAATAATATGAGATTTTGATTACTTCCACCATCATTAATATTACTTTTAATAAGAAGTATTATTGATAAAGGTGCAGGAACAGGATGAACTGTATACCCACCCTTATCTACTAATATTGCTCACGAAGGAACTTCTGTAGATTTAGCTATTTTTAGTCTTCACATAGCTGGAATCTCCTCAATTCTTGGGGCAATAAATTTTATTTCTACAGTTATTAATATACGACCATCTGGTATAAACCCAGATCGCATATCTCTATTTATTTGAGCAGTAAAAATTACTGCTATTTTACTTCTTCTATCCTTACCAGTTTTAGCAGGAGCAATTACTATACTATTAACAGACCGAAATATTAATACTTCATTCTTTGACCCAGCAGGAGGGGGAGACCCAATTCTGTACCAACACTTATTT
34	ASV_34	Animalia	Arthropoda	Insecta	Coleoptera	Chrysomelidae		CPBC0209	0	0	53	AATAAATAATATAAGATTTTGACTCCTACCACCTTCACTAAGATTATTATTATTAAGAAGATTAGTAGAAAGTGGGGCTGGAACTGGGTGAACTGTTTACCCTCCCTTAGCTGCAAATATTGCCCATAGAGGGTCATCAGTAGATTTAGCAATTTTTAGACTACATTTAGCTGGAATTTCATCTATTCTTGGAGCAGTAAATTTTATTACAACTGTAATTAATATGCGACCTCAGGGCATAAGAATAGACCGAATACCATTATTCTCTTGAGCAGTTGTAATTACAGCTATTCTCTTATTACTTTCTTTACCTGTTTTAGCGGGGGCTATTACAATATTACTTACTGATCGAAATTTAAATACATCATTTTTCGACCCTGCTGGAGGAGGAGATCCAATTCTTTACCAACACTTATTT
35	ASV_35	Animalia	Arthropoda	Insecta	Coleoptera	Salpingidae		CPBC0065	51	0	0	AATAAATAATATAAGATTCTGACTTTTACCCCCTTCTCTTAGATTATTAATTATAAGAAGAATTGTAGAAAATGGGGCAGGAACTGGTTGGACTGTTTACCCACCTTTAGCTTCAAATATTGCCCATAGAGGCTCTTCTGTAGATCTGGCAATTTTTAGTTTACATTTAGCCGGGGTTTCTTCTATTTTAGGGGCAGTTAATTTTATTACAACTGTAATTAATATGCGCCCAATGGGTATAAGATTTGACCGTATACCTTTATTTGTTTGAGCTGTAGTAATCACCGCTGTTTTATTACTTCTCTCCCTACCTGTTTTAGCTGGAGCAATCACAATACTATTAACTGATCGTAATTTAAATACTTCATTTTTTGATCCTGCTGGAGGGGGAGATCCCATTCTTTACCAACATTTATTT
36	ASV_36	Animalia	Arthropoda	Insecta	Coleoptera	Chrysomelidae		CPBC0210	0	50	0	AATAAATAATATAAGATTTTGACTTCTACCACCTTCACTAAGATTATTATTATTAAGAAGATTAGTAGAAAGTGGGGCTGGGACTGGATGAACTGTTTATCCCCCTTTAGCTGCTAATATTGCCCATAGAGGGTCATCAGTAGATTTAGCAATTTTTAGATTGCATTTAGCTGGAATTTCATCTATTCTTGGAGCAGTAAATTTTATTACAACCGTAATTAATATGCGACCCCAAGGTATAAGAATAGACCGAATACCACTATTCTCTTGAGCAGTTGTAATTACAGCTATTCTCTTATTACTTTCTTTACCTGTTTTAGCAGGGGCTATTACAATATTACTTACTGATCGAAATTTAAATACATCATTTTTCGACCCTGCTGGAGGGGGAGATCCAATTCTTTACCAACACTTGTTC
37	ASV_37	Animalia	Arthropoda	Insecta	Coleoptera	Staphylinidae		NA	0	0	43	AATAAATAATATAAGATTTTGATTACTTCCCCCCTCTTTAAGCCTTCTTTTAATAAGAAGAATAGTAGAAAGAGGAGCTGGAACAGGATGAACAGTTTACCCTCCCCTTTCATCAAATATTGCTCATGGGGGAGCTTCTGTAGATCTCGCTATTTTTAGATTACACTTAGCGGGGATTTCTTCTATTTTAGGAGCTGTAAATTTTATTACTACAATTATTAATATGCGAGCCACAGGAATATCATATGAACGAATACCTCTTTTTGTATGATCCGTAGCTATTACAGCTTTATTGTTACTGCTTTCCTTACCTGTTTTAGCAGGAGCAATTACAATACTATTAACAGACCGAAATTTAAATACTTCTTTTTTTGACCCAGCTGGTGGGGGAGATCCAATTTTATACCAGCATTTATTT
38	ASV_38	Animalia	Arthropoda	Insecta	Coleoptera	Curculionidae		CPBC0033	39	0	0	CCTTAACAACATAAGATTCTGGCTACTGCCTCCATCTCTAACCTTACTTCTAATAAGAAGAATTATTGATAAAGGAGTAGGTACCGGCTGAACTGTCTACCCGCCTCTTTCAGGAAACATTGCCCATGAAGGCATATCTGTTGATATAGCCATTTTCAGTTTGCACATAGCAGGTATCTCATCAATCATAGGAGCAATAAATTTCATTTCCACAGTAGCTAATATACGCCCAATAGGAATAAAACTAGACCGAACAACCTTATTTATCTGAGCAGTAAAAATTACAGCTATTCTCCTACTTCTATCCCTACCTGTTCTTGCAGGAGCGATTACTATACTTTTAACAGATCGAAACATCAACACCTCCTTTTTTGATCCTGCTGGAGGAGGAGACCCTATTCTCTATCAACACTTATTC
39	ASV_39	Animalia	Arthropoda	Insecta	Coleoptera	Chrysomelidae		CPBC0084	0	0	37	AATAAATAATATGAGATTCTGACTTCTTCCTCCTTCATTATTTTTACTAATTATAAGAAGAGTAGTGGAAAGAGGTGCAGGAACTGGCTGAACAGTTTATCCTCCTTTATCATCTAATATTGCCCATGGAGGAGCTTCAGTAGATCTAGCTATTTTTAGTTTACATCTAGCAGGAATTTCATCAATTTTAGGTGCTATTAATTTTATTACGACAGTTATTAATATACGCCCTGCAGGAATAACTTTAGACCGAATACCTCTATTTGTTTGAGCAGTTGTAATTACTGCAATTCTACTTCTTTTATCATTACCTGTGCTAGCAGGAGCTATTACTATGTTATTAACTGATCGAAATTTAAATACTTCATTTTTTGATCCTGCAGGAGGGGGGGATCCAATTTTATACCAACACTTATTT
40	ASV_40	Animalia	Arthropoda	Insecta	Coleoptera	NA	NA	NA	0	0	35	AATAAATAATATAAGATTTTGACTTCTACCACCTTCACTAAGATTATTATTATTAAGAAGATTAGTAGAAAGTGGGGCTGGGACTGGATGAACTGTTTACCCCCCTTTAGCTGCAAATATTGCCCATAGAGGGTCATCAGTAGATTTAGCAATTTTTAGATTACATTTAGCTGGGATTTCATCTATTCTTGGGGCAGTAAATTTTATTACAACCGTAATTAATATGCGACCCCAAGGTATAAGAATAGACCGAATACCACTATTCTCTTGAGCAGTTGTAATTACAGCCATTCTCTTATTACTTTCTTTACCTGTTTTAGCAGGGGCTATTACAATATTACTTACTGATCGAAATTTAAATACATCATTTTTTGACCCTGCTGGAGGAGGAGATCCAATTCTTTACCAACACTTGTTC
41	ASV_41	Animalia	Arthropoda	Insecta	Coleoptera	NA	NA	NA	0	0	34	AATAAATAATATAAGATTTTGACTTCTACCACCTTCACTAAGATTATTATTATTAAGAAGATTAGTAGAAAGTGGGGCTGGGACTGGATGAACTGTTTACCCCCCTTTAGCTGCAAATATTGCCCATAGAGGGTCATCAGTAGATTTAGCAATTTTTAGATTACATTTAGCTGGGATTTCATCTATTCTTGGGGCAGTAAATTTTATTACAACCGTAATTAATATGCGACCCCAAGGTATAAGAATAGATCGAATACCACTATTCTCTTGAGCAGTTGTAATTACAGCTATTCTCTTATTACTTTCTTTACCTGTTTTAGCAGGGGCTATTACAATATTACTTACTGATCGAAATTTAAATACATCATTTTTCGACCCTGCTGGAGGAGGAGATCCAATTCTTTACCAACACTTGTTC
42	ASV_42	Animalia	Arthropoda	Insecta	Coleoptera	NA	NA	NA	0	0	34	AATAAATAATATAAGTTTCTGAATATTACCCCCCTCTCTCTCACTACTTTTAACAAGCAGAATAGTTGATAACGGAGCAGGAACAGGATGAACAGTTTATCCCCCCTTATCAAGAGGAATCGCCCATGGGGGAGCTTCCGTTGATTTGGCTATCTTTTCTTTACATTTAGCTGGTATCTCCTCAATTTTAGGAGCTGTAAATTTTATTACTACAGTAATTAATATACGTTCTTCAGGAATTACTTTAGATCGTTTACCTTTATTTGTTTGATCAGTAGTAATTACAGCTATTTTATTACTTCTATCTCTTCCAGTTCTGGCAGGAGCTATTACTATATTATTAACAGATCGAAATTTAAATACTTCTTTCTTTGACCCAGCGGGGGGTGGAGATCCTATTCTCTACCAACATTTATTT
43	ASV_43	Animalia	Arthropoda	Insecta	Coleoptera	NA	NA	NA	0	0	33	AATAAATAATATAAGTTTTTGATTACTTCCCCCATCATTAACACTATTATTAGCCGGAGGATTAGTAGAAAGAGGTGCAGGGACCGGATGAACAGTTTACCCACCATTAGCCTCAGGTATTGCTCATGCAGGTGCTTCAGTTGATCTCTCAATTTTTAGCTTACATTTAGCAGGTGCATCATCAATTCTAGGAGCTGTCAACTTTATCACAACAATTATTAATATACGATCTCCTGGAATATCTTGAGACCAGACGCCATTATTTGTTTGATCTGTATTTCTAACCGCTATTTTATTACTTTTATCCCTGCCCGTATTAGCCGGTGCTATTACTATATTATTAACAGATCGAAACTTAAATACCACTTTTTTTGACCCTGCGGGAGGTGGAGACCCTATTTTATACCAACACTTATTT
44	ASV_44	Animalia	Arthropoda	Insecta	Coleoptera	NA	NA	NA	0	32	0	AATAAATAATATAAGTTTTTGATTACTTCCCCCATCATTAACACTATTATTAGCCGGAGGGTTAGTAGAAAGAGGTGCAGGAACCGGATGAACAGTTTACCCACCATTAGCCTCAGGCATTGCTCACGCAGGTGCTTCAGTTGATCTCTCAATTTTTAGCTTACATTTAGCAGGCGCATCATCAATTCTAGGAGCTGTCAACTTTATCACAACAATTATTAATATACGATCTCCTGGAATATCATGAGACCAGACACCATTATTTGTTTGATCTGTATTTCTAACCGCTATCTTGTTACTTTTATCTCTGCCAGTATTAGCCGGTGCTATTACTATATTATTAACAGATCGAAACTTAAATACCACTTTTTTTGACCCTGCGGGAGGTGGGGACCCTATTTTATACCAACACTTATTT
45	ASV_45	Animalia	Arthropoda	Insecta	Coleoptera	Chrysomelidae		CPBC0210	0	0	26	AATAAATAATATAAGATTTTGACTTCTACCACCTTCACTAAGATTATTATTATTAAGAAGATTAGTAGAAAGTGGGGCTGGGACTGGATGAACTGTTTATCCCCCTTTAGCTGCAAATATTGCCCATAGAGGGTCATCAGTAGATTTAGCAATTTTTAGATTGCATTTAGCTGGGATTTCATCTATTCTTGGAGCAGTAAATTTTATTACAACCGTAATTAATATACGACCCCAAGGTATAAGAATAGACCGAATACCACTATTCTCTTGAGCAGTTGTAATTACAGCTATTCTCTTATTACTTTCTTTACCTGTTTTAGCAGGAGCTATTACAATATTACTTACTGATCGAAATTTAAATACATCATTTTTCGACCCTGCTGGAGGGGGAGATCCAATTCTTTACCAACACTTGTTC
46	ASV_46	Animalia	Arthropoda	Insecta	Coleoptera	Curculionidae		CPBC0033	0	25	0	CCTTAACAACATAAGATTCTGGCTACTGCCCCCATCTTTAACCTTACTTCTAATAAGAAGAATTATTGATAAAGGAGTAGGTACCGGCTGAACTGTCTACCCGCCTCTTTCAGGAAACATTGCCCATGAAGGCATATCTGTTGATATAGCCATTTTCAGTTTGCACATAGCAGGTATCTCATCAATCATAGGAGCAATAAATTTCATTTCCACAGTAGCTAATATACGCCCAATAGGAATAAAACTAGACCGAACAACCTTATTTATCTGAGCAGTAAAAATTACAGCTATTCTCCTACTACTATCCCTACCTGTCCTTGCAGGAGCAATTACTATACTTTTAACAGATCGAAACATCAACACCTCCTTTTTTGATCCTGCTGGAGGAGGAGACCCTATTCTCTATCAACACCTATTC
47	ASV_47	Animalia	Arthropoda	Insecta	Coleoptera	Curculionidae		CPBC0070	0	0	25	ACTTAACAACATAAGTTTTTGACTACTCCCCCCCTCGCTAACCTTCTTATTAATAAGAAGACTAGTAGACAAAGGAGCAGGAACTGGTTGAACAGTTTACCCCCCGCTATCCTCAAATGTCTCCCACGAAGGGTCCTCCGTAGATTTAGCAATTTTCAGACTACATATGGCTGGGGTATCCTCAATCTTAGGAGCCATCAACTTCATTTCAACAGTAATCAATATACATCCTAAAGGAATAAAACCAGAACAACTTCCTCTGTTTGTCTGAGCCGTTAAAATTACAGCAGTTCTTCTCCTATTAAGACTACCAGTTCTAGCGGGAGCAATTACAATACTATTAACAGATCGTAACGTAAACACTTCGTTCTTTGACCCGGCAGGAGGGGGAGACCCTATCCTCTACCAACACTTGTTC
48	ASV_48	Animalia	Arthropoda	Insecta	Coleoptera	Chrysomelidae		CPBC0209	0	0	25	AATAAATAATATAAGATTTTGACTCCTACCACCTTCACTAAGATTATTATTATTAAGAAGATTAGTAGAAAGTGGGGCTGGAACTGGATGAACTGTTTACCCTCCTTTAGCTGCAAATATTGCCCATAGAGGGTCATCAGTAGATTTAGCAATTTTTAGACTACATTTAGCTGGGATTTCATCTATTCTTGGAGCAGTAAATTTTATTACAACTGTAATTAATATGCGACCTCAAGGCATAAAAATAGACCGAATACCATTATTCTCTTGAGCAGTTGTAATTACAGCTATTCTCTTATTACTTTCTTTACCTGTTTTAGCGGGGGCTATTACAATATTACTTACTGATCGAAATTTAAATACATCATTTTTCGACCCTGCTGGAGGAGGAGATCCAATTCTTTACCAACACTTATTT
49	ASV_49	Animalia	Arthropoda	Insecta	Coleoptera	Salpingidae		CPBC0065	24	0	0	AATAAACAATATAAGATTCTGACTTTTACCCCCTTCTCTTAGATTATTAATTATAAGAAGAATTGTAGAAAATGGGGCAGGAACTGGCTGGACTGTTTACCCACCTTTAGCTTCAAATATTGCCCATAGAGGCTCTTCTGTAGATCTGGCAATTTTTAGTTTACATTTAGCCGGGGTCTCTTCTATTTTAGGGGCAGTTAATTTTATTACAACTGTAATTAATATGCGCCCAATGGGTATAAGATTTGACCGTATACCTTTATTTGTTTGGGCCGTAGTAATCACCGCTGTTTTATTACTTCTCTCCCTACCTGTTTTAGCCGGAGCAATCACAATACTATTAACTGATCGTAATTTAAATACTTCATTTTTTGACCCTGCTGGAGGGGGGGATCCTATTCTTTACCAACATTTATTT
50	ASV_50	Animalia	Arthropoda	Insecta	Coleoptera	Curculionidae		CPBC0037	0	23	0	ATTAAACAACATAAGATTCTGGCTATTACCCCCATCCCTAACATTTTTATTAATAAGAAGACTAGTAGATAAAGGAGCAGGGACTGGATGAACCGTTTATCCTCCATTATCCTCAAATATCTCACATGAAGGGTCCTCAGTTGATTTAGCAATCTTCAGTCTACACATAGCAGGAGTATCCTCAATCCTAGGGGCTATCAACTTTATTTCTACTGTAATCAATATACACCCAAGAGGTATAAAGCCAGAACAACTACCCTTATTTGTATGAGCTGTAAAAATTACAGCAATTTTATTACTTTTAAGACTACCAGTTTTAGCAGGAGCAATTACAATACTCTTAACAGACCGAAACGTAAATACTTCATTTTTCGATCCAGCAGGGGGAGGTGATCCTATTTTATATCAACACCTATTC
51	ASV_51	Animalia	Arthropoda	Insecta	Coleoptera	NA	NA	NA	22	0	0	AATAAATAATATAAGTTTTTGATTACTTCCCCCATCATTAACACTATTATTAGCCGGAGGATTAGTAGAAAGAGGTGCAGGGACCGGATGAACAGTTTACCCGCCATTGGCCTCAGGTATTGCTCATGCAGGTGCTTCAGTTGATCTCTCAATTTTTAGCTTACATTTAGCAGGCGCATCATCAATTCTAGGAGCTGTCAACTTTATCACAACAATTATTAATATACGATCTCCTGGAATATCCTGAGACCAGACGCCATTATTTGTTTGATCTGTGTTTCTAACCGCTATTTTGTTACTTTTATCCCTGCCCGTATTAGCCGGTGCTATTACTATATTATTAACAGATCGAAACTTAAATACCACTTTTTTTGACCCTGCGGGAGGTGGAGACCCTATTTTATACCAACACTTATTT
52	ASV_52	Animalia	Arthropoda	Insecta	Coleoptera	NA	NA	NA	0	22	0	AATAAATAATATAAGATTTTGACTTTTACCCCCTTCCTTGTTATTTCTACTAATAAGAAGATTAACAGAAAGAGGAGCGGGTACAGGATGAACTGTTTACCCTCCTCTTTCAGCTAATATTGCCCATAGAGGGTCTTCAGTAGATTTGGCTATTTTTAGACTTCATTTAGCTGGAATTTCCTCAATTTTAGGAGCAATTAATTTCATTTCTACAGTTATTAATATACGACCAAAAGGAATAAGACTTGACCGTTTACCCTTATTTGTATGGGCGGTAGTAATTACAGCTATTTTACTTTTACTATCTCTCCCTGTTTTAGCAGGAGCGATTACAATATTATTAACCGATCGAAATTTGAATACCTCCTTTTTTGACCCTGCTGGAGGAGGAGATCCAATTCTGTACCAACACTTATTT
53	ASV_53	Animalia	Arthropoda	Insecta	Coleoptera	NA	NA	NA	21	0	0	AATAAATAATATAAGTTTTTGATTACTTCCCCCATCATTAACACTATTATTAGCCGGAGGATTAGTAGAAAGAGGTGCAGGGACCGGATGAACAGTTTACCCACCATTAGCCTCAGGTATTGCTCATGCAGGTGCTTCAGTTGATCTCTCAATTTTTAGCTTACATTTAGCAGGTGCATCATCAATTCTAGGAGCTGTCAACTTTATCACAACAATTATTAATATACGATCTCCTGGAATATCTTGAGACCAGACGCCATTATTTGTTTGATCTGTATTTCTAACCGCTATTTTGTTACTTTTATCCCTGCCCGTATTAGCCGGTGCTATTACTATATTATTAACAGATCGAAACTTAAATACCACTTTTTTTGACCCTGCGGGAGGTGGAGACCCTATTTTATACCAACACTTATTT
54	ASV_54	Animalia	Arthropoda	Insecta	Coleoptera	Carabidae		NA	20	0	0	AATAAATAATATAAGTTTCTGACTACTGCCTCCATCTCTTACCCTTCTTCTAATAAGCAGTATAGTTGAAAGAGGTGCGGGCACAGGATGAACTGTGTACCCTCCCCTTTCATCAGGAATTGCTCATGCAGGTGCATCTGTTGATTTAGCTATTTTTAGATTACATTTAGCAGGAATTTCTTCTATTTTAGGAGCTGTAAATTTTATTACTACAATTATTAATATACGTTCTGTGGGAATAACATTTGATCGTATACCTTTATTTGTATGATCAGTAGGAATTACAGCTTTATTATTATTACTTTCATTACCTGTATTAGCTGGGGCTATTACAATATTATTAACTGATCGAAATTTAAATACTTCATTTTTTGATCCTGCAGGAGGAGGAGACCCTATTTTATATCAACATCTATTT
55	ASV_55	Animalia	Arthropoda	Insecta	Coleoptera	NA	NA	NA	0	19	0	AATAAATAATATAAGATTCTGATTATTACCTCCTTCATTAACTTTATTAATTTCTAGAAGAATTGTAGAAAATGGAGCTGGAACAGGATGAACAGTATACCCCCCACTTTCATCTAATATTGCTCATGGAGGAAGATCAGTTGATTTAGCTATTTTTTCTCTTCATTTAGCTGGTATTTCTTCTATTTTAGGAGCAATTAATTTCATCACTACTATTATTAATATACGTATTAATGGATTATCTTTTGATCAAATACCTTTATTTGTATGATCTGTAGGAATTACTGCTTTATTACTATTACTTTCTTTACCAGTTTTAGCAGGAGCTATTACTATATTACTCACAGATCGAAATTTAAATACCTCATTTTTCGATCCAGCAGGAGGAGGAGATCCTATTCTTTATCAACATTTATTT
56	ASV_56	Animalia	Arthropoda	Insecta	Coleoptera	NA	NA	NA	18	0	0	CCTTAACAATATCAGTTTTTGGCTGTTAATTCCTGCTTTCATCCTGCTTATGGGTTCGGCTTTTGTTGACGGCGGACCGGGAACGGGCTGGACGCTCTACCCTCCTTTAAGTAATTTGAGCGGTCATCCGGGAGCAGCCGTTGATATGGCTATTTTCAGCTTACATTTAACCGGTCTATCGTCAATCCTCGGATCAATTAACTTAATCGTTACTATATTTAATATGAGAGCTCCGGGCATGGGACTTTTCAAAATGCCGTTATTCGTTTGGTCTATATTAGTTACTGCATTCCTTATAATCTTAGCTATGCCGGTACTTGGCGGAGCTATAACTATGCTGCTTACCGACCGTAACTTTGGAACTAATTTCTTTAAACCGGACGGCGGCGGCGATCCCGTATTATTTCAACATCTATTT
57	ASV_57	Animalia	Arthropoda	Insecta	Coleoptera	Chrysomelidae		CPBC0084	0	0	17	AATAAATAATATGAGATTCTGACTTCTTCCTCCTTCATTATTTTTACTAATTATAAGAAGAGTAGTAGAAAGAGGTGCAGGAACTGGCTGAACAGTTTATCCTCCTTTATCATCTAATATTGCCCATGGAGGAGCTTCAGTAGATCTGGCTATTTTTAGTTTACATCTAGCAGGAATTTCATCAATTTTAGGTGCTATTAATTTTATTACTACAGTTATTAATATACGACCCGCAGGAATAACTTTAGATCGAATACCCCTATTTGTTTGAGCAGTTGTAATTACTGCAATTCTACTTCTTTTATCATTACCTGTACTAGCAGGAGCTATTACTATGTTATTAACTGATCGAAATTTAAATACTTCATTTTTTGATCCTGCAGGAGGAGGAGACCCAATTTTATACCAACACTTATTT
58	ASV_58	Animalia	Arthropoda	Insecta	Coleoptera	NA	NA	NA	0	0	16	AATAAATAATATAAGTTTTTGATTACTTCCCCCATCATTAACACTATTATTAGCCGGAGGATTAGTAGAAAGAGGTGCAGGGACCGGATGAACAGTTTACCCGCCATTGGCCTCAGGTATTGCTCATGCAGGTGCTTCAGTTGATCTCTCAATTTTTAGCTTACATTTAGCAGGCGCATCATCAATTCTAGGAGCTGTCAACTTTATCACAACAATTATTAATATACGATCTCCTGGAATATCCTGAGACCAGACGCCATTATTTGTTTGATCTGTATTTCTAACCGCTATTTTGTTACTTTTATCCCTGCCCGTATTAGCCGGTGCTATTACTATATTATTAACAGATCGAAACTTAAATACCACTTTTTTTGACCCTGCGGGAGGTGGAGACCCTATTTTATACCAACACTTATTT
59	ASV_59	Animalia	Arthropoda	Insecta	Coleoptera	NA	NA	NA	0	0	15	CCTCAACAATATCAGTTTTTGGCTGCTAGTTCCTGCTTTCATCCTGCTTATGGGATCAGCTTTTGTTGACGTCGGACCTGGTACAGGTTGGACGCTCTACCCTCCTTTAAGTAGTATTAGTGGACACCCAGGGGCAGCTGTTGATATGGCTATTTTTAGCTTGCATTTAATGGGTCTTTCATCAATCCTCGGCTCAATCAACTTAATCGTTACCATCTTTAATATGAGAGCACCAGGAATGGGATTATTTAAAATGCCATTATTTGTTTGGTCTATTTTAGTTACTGCATTCTTGATAATTTTAGCTATGCCGGTACTTGGCGGAGCTATTACTATGCTACTTACCGATCGTAATTTCGGCACTACTTTCTTTAAAACAGATGGTGGCGGTGACCCTGTATTATTTCAGCATTTATTT
60	ASV_60	Animalia	Arthropoda	Insecta	Coleoptera	NA	NA	NA	12	0	0	AATAAATAACATAAGATTTTGATTATTGCCACCCTCATTAATTCTCCTTCTAAGAAGAAGAATAATTGAAAGAGGTGCAGGAACAGGATGAACTGTATATCCTCCTTTATCTTCAAATATTACACATAGAGGTTCTTCTGTTGATCTAACAATTTTTAGATTACATTTAGCAGGAATTTCATCTATTCTAGGTGCTGTAAATTTTATTTCTACAATTATTAATATACGAACTATGATAATAAAATTTGATCAATTAACTTTATTTATTTGATCTGTCAATATTACAGCTTTATTACTTTTATTATCCCTTCCTGTCTTAGCAGGAGCAATTACAATACTATTAACCGATCGAAATTTAAATACTTCATTTTTTGATCCAATTGGAGGAGGAGATCCAATTCTTTATCAACATTTATTT
61	ASV_61	Animalia	Arthropoda	Insecta	Coleoptera	NA	NA	NA	0	0	10	TATGAATAATTTAAGTTTTTGGTTGTTAGTGTCATCTTTTATTTTGCTCATTCTCTCAGTGTTTATTGGTGAAGGTCCAGGTACAGGTTGGACTTTATATCCACCTTTATCACAGGTAATGTCCCATCCAAGTGCAGGAGTTGACATTGCTATACTTGCACTTCATGTTGCTGGTATGTCGTCAATTGTTGGGGCGATCAACTTTATAGTTACTATATTTAACATGCGCACAAAAGGCATGTCATTAACTAAGATGCCACTGTTTGTTTGGTCTGTCTTGCTAACAGCATTTATGTTGATTGTTGCTTTACCAGTGCTTGCCGGTGCTATAACTATGCTTCTTACTGATCGCAATGTTGGTACTTCCTTTTTTGATCCTGCCGGTGGCGGAGATCCTGTGTTATTTCAACATCTATTT
62	ASV_62	Animalia	Arthropoda	Insecta	Coleoptera	NA	NA	NA	4	0	0	AATAAATAATATAAGATTCTGATTATTACCGCCTTCACTAACCCTTCTTCTAATAAGAAGAATAGTAGAAAACGGGGCAGGAACTGGATGAACAGTTTACCCCCCTCTGTCATCAAATATTGCACATGGAGGCTCTTCTGTAGATTTAGCAATTTTTAGACTACACCTGGCAGGAATTTCCTCAATTCTAGGAGCAGTAAACTTTATCACTACGGTAATTAACATACGCCCAGCAGGGATAACCCTAGATCGGGTACCCCTATTTGTTTGAGCCGTAGTAATTACAGCCCTACTCCTTCTTCTCTCCCTTCCTGTTCTAGCAGGAGCTATTACCATGTTACTCACTGATCGAAATCTAAATACCTCATTCTTCGACCCAGCAGGGGGAGGGGACCCTATCTTATACCAACACCTATTT
63	ASV_63	Animalia	Arthropoda	Insecta	Coleoptera	Elateridae		CPBC0013	0	4	0	TATAAACAATATAAGATTCTGATTCCTTCCCCCTTCTCTATCTCTTCTGTTAATAAGAAGAATTACTGATAAAGGAGTTGGTACAGGATGAACTGTTTACCCACCTCTATCATCCAATATTGCTCATGAAGGAGCCTCTGTAGATCTAGGAATTTTTAGACTCCATATAGCTGGAATCTCTTCAATTTTAGGGGCAATAAATTTTATTTCAACAATTAGAAATATACACCCCTCTGGAATAAAAACAGATCGACTTCCCCTATTTGTTTGAGCCGTAGAAATTACAGCTATCCTTTTATTACTTTCATTACCTGTTCTCGCAGGAGCTATTACAATATTATTAACTGATCGTAATATTAATACTTCATTTTTTGACCCAGCTGGAGGGGGGGACCCAATCTTATACCAACACTTATTT
